Item # ,Product Image ,Item Lookup Code,BRAND1,Description,Ingredents ,Supplier Name,Bin Location,Wholesale Pricing ,Price,Reorder Number,Restock Level,New Order,Qty On Hand,Reorder Point,Cost,Departments,Categories,Product Title -                                                    Extended Description (ED),BRAND2,Date Created,Last Sold,Available Quantity,Quantity Committed,Last Cost
,,810078423539,RHL 1,B COMPLEX  (RASP) 1 OZ,https://docs.google.com/spreadsheets/d/1vSGrcU_lx-06OJrTmCkgWfJ1ARY3Er2paEUbayuiFVg/edit?gid=0#gid=0,RAY'S HEALTHY LIVING -,1/2 >*,,13.99,4013021,10,5,5,0,5.18,VITAMINS A - Z,B VITAMINS,"Ray's Healthy Living, B Complex, Fast Absorption, Raspberry, Dietary Supplement, Net Wt. 1 fl oz (30ml)",,9/27/2019 20:23,7/6/2026 15:37,0,0,0
,,810078423546,RHL 1,B COMPLEX  (RASP) 2 OZ,,RAY'S HEALTHY LIVING -,1/2 >*,,19.99,4013022,0,,0,0,9.64,VITAMINS A - Z,B VITAMINS,"Ray's Healthy Living, B Complex, Fast Absorption, Raspberry, Dietary Supplement, 2 fl oz (59 ml)",,6/18/2020 15:57,7/6/2026 15:37,0,0,0
,,810078423553,RHL 1,B12 (RASP) 1000 MCG 1 OZ,,RAY'S HEALTHY LIVING -,1/2 >*,,13.99,4013011,0,,3,0,4.69,VITAMINS A - Z,B VITAMINS,"Ray's Healthy Living, B-12 1,000mcg, Fast Absorption, Raspberry, Dietary Supplement, Net Wt. 1 fl oz (30ml)",,9/1/2019 23:51,9/15/2025 15:22,3,0,5.7
,,810078423560,RHL 1,B12 RAS 1000 MCG 2 OZ,,RAY'S HEALTHY LIVING -,1/2 >*,,19.99,4013012,0,,3,1,8.74,VITAMINS A - Z,B VITAMINS,"Ray's Healthy Living, B-12 1,000mcg, Fast Absorption, Raspberry, Dietary Supplement, Net Wt. 2 fl oz (59ml)",,9/1/2019 23:52,3/21/2026 15:47,3,0,10.7
,,810078423577,RHL 1,B12 5000 MCG (RASP) 1 OZ,,RAY'S HEALTHY LIVING -,1/2 >*,,19.99,4017601,0,,2,0,7.84,VITAMINS A - Z,B VITAMINS,"Ray's Healthy Living, B-12 5,000mcg, Fast Absorption, Raspberry, Dietary Supplement,  Net Wt. 1 fl oz (30ml)",,9/1/2019 23:50,7/20/2026 13:50,2,0,9.5
,,810078423584,RHL 1,B12 SPRAY (RASP) 1 OZ,,RAY'S HEALTHY LIVING -,1/2 >*,,13.99,4016771,0,,3,0,6.26,VITAMINS A - Z,B VITAMINS,"Ray's Healthy Living, B-12 Spray 500mcg, Fast Absorption, Raspberry, Dietary Supplement, Net Wt. 1 fl oz (30ml)",,9/27/2019 20:44,4/10/2023 15:17,3,0,0
,,810078423591,RHL 1,B12 FOLIC B6 (RASP) 1 OZ,,RAY'S HEALTHY LIVING -,1/2 >*,,13.99,4016781,0,,2,0,4.95,VITAMINS A - Z,B VITAMINS,"Ray's Healthy Living, B-12 with Folic Acid & B-6, Fast Absorption, Raspberry, Dietary Supplement, Net Wt. 1 fl oz (30ml)",,9/27/2019 20:50,6/30/2026 13:58,2,0,0
,,810078423669,RHL 1,FOLIC ACID 400 MCG 1 OZ,,RAY'S HEALTHY LIVING -,1/2 >*,,15.89,4017531,0,,0,0,8.8,VITAMINS A - Z,B VITAMINS,"Ray's Healthy Living, Folic Acid Liquid Folate 400mcg, Dietary Supplement, Net Wt. 1 fl oz (30ml)",,9/27/2019 21:20,5/23/2026 12:22,0,0,0
,,810078423690,RHL 1,VIT C 500 MG ORNG 4 OZ,,RAY'S HEALTHY LIVING -,1/3 >*,,13.99,4017614,0,,1,0,5.9,VITAMINS A - Z,C VITAMINS,"Ray's Healthy Living, Liquid C 500mg, Orange Flavor, Dietary Supplement, Net Wt. 4 fl oz (118ml)",,9/27/2019 21:43,6/27/2026 17:27,1,0,0
,,810078423607,RHL 1,VIT D3 50 MCG 2K IU CIT 1 OZ,,RAY'S HEALTHY LIVING -,1/4 >*,,13.99,4020531,0,,2,0,5.75,VITAMINS A - Z,D VITAMINS,"Ray's Healthy Living, Vitamin D3 50 mcg, 2,000 IU, Citrus, Dietary Supplement, Net Wt. 1 fl oz (30ml)",,9/27/2019 21:06,5/1/2026 14:08,2,0,3.3557
,,810078423621,RHL 1,VIT D3 50 MCG 2K IU 1 OZ,,RAY'S HEALTHY LIVING -,1/4 >*,,13.99,4020521,0,,1,0,5.75,VITAMINS A - Z,D VITAMINS,"Ray's Healthy Living, Vitamin D3 50mcg, 2,000 IU, No Flavor, Dietary Supplement, Net Wt. 1 fl oz (30 ml)",,11/20/2020 14:36,5/29/2026 11:29,1,0,3.3557
,,810078423638,RHL 1,VIT-D3 125 MCG 5K IU CIT 1 OZ,,RAY'S HEALTHY LIVING -,1/4 >*,,15.99,4020561,0,,5,0,7.35,VITAMINS A - Z,D VITAMINS,"Ray's Healthy Living, Vitamin D3 125mcg, 5,000 IU, Citrus, Dietary Supplement, Net Wt. 1 fl oz (30ml)",,11/16/2020 12:04,10/22/2025 14:11,5,0,5.6467
,,810078423652,RHL 1,VIT D3 125 MCG 5K IU 1 OZ,,RAY'S HEALTHY LIVING -,1/4 >*,,15.99,4020551,0,,2,0,7.35,VITAMINS A - Z,D VITAMINS,"Ray's Healthy Living, Vitamin D3 125mcg, 5,000 IU, Dietary Supplement, Net Wt. 1 fl oz (30ml)",,9/27/2019 21:09,5/8/2026 15:33,2,0,5.2057
,,810078420309,RHL 1,CATS CLAW 90 VCAP,,RAY'S HEALTHY LIVING -,10/2 >*,,23.99,4019730,0,,2,0,5.1,JOINT SUPPORT,PAIN MANAGMENT,"Ray's Healthy Living, Cat's Claw, 100% Vegetarian, Herbal Supplement, 90 Veggie Caps",,9/1/2019 3:13,4/16/2026 13:34,2,0,5.5
,,810078421153,RHL 1,CATS CLAW 1 OZ,,RAY'S HEALTHY LIVING -,10/2 >*,,19.99,4003891,0,,1,0,5.91,JOINT SUPPORT,PAIN MANAGMENT,"Ray's Healthy Living, Cat's Claw, Herbal Supplement, Net Wt. 1 fl oz (30ml)",,9/2/2019 0:05,7/20/2026 11:47,1,0,6.6
,,810078421276,RHL 1,DEVILS CLAW 1 OZ,,RAY'S HEALTHY LIVING -,10/2 >*,,13.99,4003991,0,,2,0,5.51,JOINT SUPPORT,PAIN MANAGMENT,"Ray's Healthy Living, Devil's Claw, Herbal Supplement, Net Wt. 1 fl oz (30ml)",,9/2/2019 0:32,5/5/2026 15:05,2,0,4.5557
,,810078420538,RHL 1,GLUC CHOND PLUS 120 VCAP,,RAY'S HEALTHY LIVING -,10/4 >*,,24.99,4017460,0,,3,0,13.3,JOINT SUPPORT,JOINT HEALTH,"Ray's Healthy Living, Glucosamine Chondroitin Plus, Herbal Supplement, 120 Veggie Caps",,9/1/2019 20:44,3/28/2025 15:16,3,0,13.3
,,810078423102,RHL 1,MUSC-SKEL 1 OZ,,RAY'S HEALTHY LIVING -,10/4 >*,,13.99,4006731,0,,0,0,7.15,JOINT SUPPORT,JOINT HEALTH,"Ray's Healthy Living, Musc-Skel, Herbal Supplement, Net Wt. 1 fl oz (30ml)",,11/16/2020 13:54,1/2/2023 11:12,0,0,4.6557
,,810078420163,RHL 1,TURMERIC 60 L-VCAP,,RAY'S HEALTHY LIVING -,10/5 >*,,24.99,4020970,0,,1,0,12.75,JOINT SUPPORT,JOINT AND ARTHRITIS,"Ray's Healthy Living, Turmeric, 100% Vegetarian, Herbal Supplement, 60 Liquid Veggie Caps",,9/20/2019 19:40,5/25/2026 12:57,1,0,11.3707
,,810078420170,RHL 1,TURMERIC 120 Liq Veg Caps,,RAY'S HEALTHY LIVING -,10/5 >*,,43.99,4020980,0,,2,0,22.4,JOINT SUPPORT,INFLAMMATION,"Ray's Healthy Living, Turmeric, Herbal Supplement, 120 Liq Veggie Caps",,11/9/2023 18:31,12/20/2025 16:15,2,0,0
,,810078420637,RHL 1,INFLACALM 60 VCAP,,RAY'S HEALTHY LIVING -,10/5 >*,,21.99,4017390,0,,4,0,11.6,JOINT SUPPORT,INFLAMMATION,"Ray's Healthy Living, Inflacalm, 100% Vegetarian, Herbal Supplement, 60 Veggie Caps",,9/23/2019 8:57,7/10/2025 9:27,4,0,0
,,810078420934,RHL 1,TURMERIC 60 VCAP,,RAY'S HEALTHY LIVING -,10/5 >*,,25.99,4015610,0,,4,0,14.4,JOINT SUPPORT,JOINT AND ARTHRITIS,"Ray's Healthy Living, Turmeric, Herbal Supplement, 60 Veggie Caps",,9/1/2019 21:20,2/9/2026 13:07,4,0,14.4
,,810078420958,RHL 1,TUMER- AM ACHE 60 VCAP,,RAY'S HEALTHY LIVING -,10/5 >*,,19.99,4021670,0,,-2,0,11,JOINT SUPPORT,INFLAMMATION,"Ray's Healthy Living, Turmeric AM Ache Relief, 100% Vegetarian, Herbal Supplement, 60 Veggie Caps",,6/19/2020 12:03,6/4/2026 18:02,-2,0,0
,,810078420972,RHL 1,TURM PLUS JOINT 60 VCAP,,RAY'S HEALTHY LIVING -,10/5 >*,,19.99,4021690,0,,3,0,11,JOINT SUPPORT,JOINT AND ARTHRITIS,"Ray's Healthy Living, Turmeric Plus Joint Health, 100% Vegetarian, Herbal Supplement, 60 Veggie Caps",,6/19/2020 11:58,1/10/2026 16:11,3,0,8.8557
,,810078420989,RHL 1,TURM- PM ACHE 60 VCAP,,RAY'S HEALTHY LIVING -,10/5 >*,,19.99,4021680,0,,0,0,11,JOINT SUPPORT,INFLAMMATION,"Ray's Healthy Living, Turmeric Plus PM Ache Relief, 100% Vegetarian, Herbal Supplement, 60 Veggie Caps",,6/18/2020 18:20,5/1/2026 16:43,0,0,8.8557
,,810078422105,RHL 1,TURMERIC 1 OZ,,RAY'S HEALTHY LIVING -,10/5 >*,,13.89,4004541,0,,4,0,7,JOINT SUPPORT,JOINT AND ARTHRITIS,"Ray's Healthy Living, Turmeric, Herbal Supplement, Net Wt. 1 fl oz (30ml)",,9/2/2019 0:28,10/18/2025 15:15,4,0,6.6
,,810078422112,RHL 1,TUMERIC 2 OZ,,RAY'S HEALTHY LIVING -,10/5 >*,,23.99,4004542,0,,3,0,12.9,JOINT SUPPORT,JOINT AND ARTHRITIS,"Ray's Healthy Living, Turmeric, Herbal Supplement, Net Wt. 2 fl oz (59ml)",,9/1/2019 22:01,1/9/2026 17:06,3,0,12.3
,,810078422198,RHL 1,WHITE WILLOW 1 OZ,,RAY'S HEALTHY LIVING -,10/5 >*,,12.89,4004581,0,,3,0,7,JOINT SUPPORT,JOINT AND ARTHRITIS,"Ray's Healthy Living, White Willow, Herbal Supplement, Net Wt. 1 fl oz (30ml)",,9/2/2019 0:15,10/18/2025 15:15,3,0,6.3
,,810078422952,RHL 1,JOINT TONIC 1 OZ,,RAY'S HEALTHY LIVING -,10/5 >*,,13.99,4004791,0,,6,0,7.15,JOINT SUPPORT,JOINT AND ARTHRITIS,"Ray's Healthy Living, Joint Tonic, Herbal Supplement, Net Wt. 1 fl oz (30ml)",,9/23/2019 19:25,11/13/2024 17:33,6,0,0
,,4004077,RHL 1,FO-TI 32 OZ,,RAY'S HEALTHY LIVING -,11/2 >*,,12.99,4004077,0,,0,0,7,PERSONAL SUPPORT,HAIR,"Ray's Healthy Living, Fo-Ti, Herbal Supplement, Net Wt. 32 fl oz (30ml)",,12/6/2024 20:16,,0,0,0
,,810078421405,RHL 1,FO-TI 1 OZ,,RAY'S HEALTHY LIVING -,11/2 >*,,12.99,4004071,0,,3,0,7,PERSONAL SUPPORT,HAIR,"Ray's Healthy Living, Fo-Ti, Herbal Supplement, Net Wt. 1 fl oz (30ml)",,9/2/2019 0:38,3/13/2026 16:02,3,0,6.6
,,810078423034,RHL 1,LUSTROUS HAIR 2 OZ,,RAY'S HEALTHY LIVING -,11/2 >*,,21.99,4016712,0,,3,0,13.3,PERSONAL SUPPORT,HAIR - SKIN - NAILS,"Ray's Healthy Living, Lustrous Hair, Herbal Supplement, Net Wt. 2 fl oz (59ml)",,9/23/2019 19:38,3/30/2026 10:25,3,0,0
,,40040037,RHL 1,GLORIOUS HAIR 120 CAP,,NATURAL HEALTH CENTER ,11/2<>*,,39.99,037,0,,0,0,15,PERSONAL SUPPORT,HAIR,"Ray's Healthy Living, Glorious H, Cell Boost, Hair Grow Vitamins with Caviar Extract And Biotin , Nutritional Supplement, 120 Capsules, Made In USA",,8/2/2022 17:45,4/21/2025 13:38,0,0,0
,,810078420583,RHL 1,HAIR/SKIN/NAILS 90 VCAP,,RAY'S HEALTHY LIVING -,11/3 >*,,19.99,4021650,0,,2,0,10.5,,,"Ray's Healthy Living, Hair Skin Nails, 100% Vegan, Herbal Supplement, 90 Veggie Caps",,7/3/2020 14:26,6/4/2026 18:02,2,0,7.8557
,,810078423850,RHL 1,EAR CLEAR OIL 1 OZ,,RAY'S HEALTHY LIVING -,11/5 >*,,13.99,4005401,0,,2,0,5.66,PERSONAL SUPPORT,EAR,"Ray's Healthy Living, Ear Clear Oil, Net Wt. 1 fl oz (30ml)",,9/2/2019 0:34,7/18/2026 12:51,2,0,6.7
,,810078421016,RHL 1,ARNICA 1 OZ,,RAY'S HEALTHY LIVING -,11/6 >*,,14.99,4003721,0,,3,0,7.5,JOINT SUPPORT,PAIN MANAGMENT,"Ray's Healthy Living, Arnica, Net Wt. 1 fl oz (30ml)",,9/23/2019 12:14,5/16/2026 16:39,3,0,0
,,810078421221,RHL 1,COMFREY 1 OZ,,RAY'S HEALTHY LIVING -,11/6 >*,,13.99,4003951,0,,5,0,5.51,PERSONAL SUPPORT,FIRST AID,"Ray's Healthy Living, Comfrey Liquid Extract, Herbal Supplement, Net Wt. 1 fl oz (30ml)",,9/15/2020 22:23,2/19/2025 19:27,5,0,0
,,810078422501,RHL 1,COLLOIDAL PLUS SPRAY      1 OZ,,RAY'S HEALTHY LIVING -,11/6 >*,,14.99,4008951,0,,0,0,4.88,PERSONAL SUPPORT,FIRST AID,"Ray's Healthy Living, Colloidal Silver Plus, Bio Protectant, Herbal Topical Spray, 1 fl oz (30ml)",,9/1/2019 23:21,1/15/2025 15:38,0,0,6.1
,,810078423140,RHL 1,OAK IVY SPRAY 2 OZ,,RAY'S HEALTHY LIVING -,11/6 >*,,13.89,4008852,0,,2,0,7.4,PERSONAL SUPPORT,FIRST AID,"Ray's Healthy Living, Oak & Ivy, Itch Relief, Topical Herbal Spray, Net Wt. 2 fl oz (59ml)",,9/1/2019 22:52,6/1/2022 17:39,2,0,7
,,810078423867,RHL 1,FUNK FEET OREG AF 1 OZ,,RAY'S HEALTHY LIVING -,11/6 >*,,24.99,4020131,0,,3,0,11,PERSONAL SUPPORT,FIRST AID,"Ray's Healthy Living, Funky Feet with Oregano Oil, Net Wt. 1 fl oz (30ml)",,9/27/2019 22:18,3/14/2023 17:29,3,0,0
,,810078423898,RHL 1,TEA TREE TOPICAL 1 OZ,,RAY'S HEALTHY LIVING -,11/6 >*,,11.99,4012241,0,,2,0,6.3,PERSONAL SUPPORT,FIRST AID,"Ray's Healthy Living, Tea Tree Oil, Melaleuca alternifolia, Pure Essential Oil, Net Wt. 1 fl oz (30ml)",,9/2/2019 1:26,4/21/2026 14:14,2,0,6.3
,,810078423911,RHL 1,BUG SHIELD 1 OZ,,RAY'S HEALTHY LIVING -,11/6 >*,,13.99,4021231,0,,2,0,6.6,PERSONAL SUPPORT,FIRST AID,"Ray's Healthy Living, Bug Shield, 100% Pure Essential Oil, Net Wt. 1 fl oz (30ml)",,9/2/2019 0:50,7/22/2025 13:28,2,0,8
,,810078422433,RHL 1,BREATH FRESH (CIN) 1 OZ,,RAY'S HEALTHY LIVING -,12/2 >*,,9.99,4016721,0,,2,0,3.9,HYGIENE,MOUTHWASH,"Ray's Healthy Living, Breath Freshener, Cinnamon, Mint Spray, Net Wt. 1 fl oz (30ml)",,3/31/2023 21:39,6/16/2026 14:27,2,0,0
,,810078423171,RHL 1,PEPMINT BREATH 1 OZ,,RAY'S HEALTHY LIVING -,12/2 >*,,9.99,4011061,0,,3,0,4.5,HYGIENE,MOUTHWASH,"Ray's Healthy Living, Peppermint Breath Spray, Net Wt. 1 fl oz (30ml)",,9/1/2019 22:50,1/21/2026 16:36,3,0,4.3
,,810078423874,RHL 1,HEALTHY GUMS 1 OZ,,RAY'S HEALTHY LIVING -,12/2 >*,,19.99,4020141,0,,5,0,6.6,HYGIENE,MOUTHWASH,"Ray's Healthy Living, Healthy Gums with Oregano, Clove Bud, Peppermint Oil, Tea Tree Oil , Rosemary Leaf, Net Wt. 1 fl oz (30ml)",,9/1/2019 22:55,12/24/2025 12:21,5,0,8.4
,,788332225512,RHL 1,BERGAMOT (EO) 1 OZ,,RAY'S HEALTHY LIVING -,15/1 >*,,19.99,4022551,0,,3,0,9,AROMA THERAPY,ESSENTIAL OILS,"Ray's Healthy Living, Bergamot (Citrus bergamia), 100% Pure Essential Oil, Net Wt. 1 fl oz (30ml)",,9/2/2019 0:49,1/9/2024 15:36,3,0,10.5
,,810078423928,RHL 1,CEDAR HIMA (EO) 1 OZ,,RAY'S HEALTHY LIVING -,15/1 >*,,13.99,4018281,0,,1,0,4.13,AROMA THERAPY,ESSENTIAL OILS,"Ray's Healthy Living, Cedarwood Himalayan (Cedrus deodara), 100% Pure Essential Oil, Net Wt. 1 fl oz (30ml)",,9/2/2019 0:53,7/16/2026 10:33,1,0,0
,,810078423935,RHL 1,CINNAMON LEAF (EO) 1 OZ,,RAY'S HEALTHY LIVING -,15/1 >*,,9.99,4018291,0,,4,0,4.2,AROMA THERAPY,ESSENTIAL OILS,"Ray's Healthy Living, Cinnamon Leaf ( Cinnamomum zeylanicum), 100% Pure Essential Oil, Net Wt. 1 fl oz (30ml)",,9/2/2019 0:51,11/5/2024 11:37,4,0,4.65
,,810078423942,RHL 1,CITRONELLA (EO) 1 OZ,,RAY'S HEALTHY LIVING -,15/1 >*,,13.99,4021161,0,,2,0,5.25,AROMA THERAPY,ESSENTIAL OILS,"Ray's Healthy Living, Citronella (Cymbopogon winterianus), 100% Pure Essential Oil, Net Wt. 1 fl oz (30ml)",,9/7/2019 22:42,7/10/2026 16:22,2,0,5
,,810078423959,RHL 1,CLOVE BUD (EO) 1 OZ,,RAY'S HEALTHY LIVING -,15/1 >*,,13.99,4018301,0,,5,0,7,AROMA THERAPY,ESSENTIAL OILS,"Ray's Healthy Living, Clove Bud (Eugenia caryophyllata) 100% Pure Essential Oil, Net Wt. 1 fl oz (30ml)",,9/2/2019 0:51,6/24/2026 18:56,5,0,7
,,810078423966,RHL 1,ENERGY BOOST (EO) 1 OZ,,RAY'S HEALTHY LIVING -,15/1 >*,,15.99,4021211,0,,4,0,8,AROMA THERAPY,ESSENTIAL OILS,"Ray's Healthy Living, Energy boost, 100% Pure Essential Oil, Net Wt. 1 fl oz (30ml)",,9/3/2019 12:03,3/4/2025 14:17,4,0,0
,,810078423973,RHL 1,ESSENTIAL LOVE (EO) 1 OZ,,RAY'S HEALTHY LIVING -,15/1 >*,,19.99,4021221,0,,4,0,12,AROMA THERAPY,ESSENTIAL OILS,"Ray's Healthy Living, Essential Love, 100% Pure Essential Oil, Net Wt. 1 fl oz (30ml)",,9/27/2021 17:58,12/15/2023 12:33,4,0,0
,,810078423980,RHL 1,ESSENT PROTECT (EO) 1 OZ,,RAY'S HEALTHY LIVING -,15/1 >*,,14.99,4021741,0,,3,0,8,AROMA THERAPY,ESSENTIAL OILS,"Ray's Healthy Living, Essential Protect, 100% Pure Essential Oil, Net Wt. 1 fl oz (30ml)",,9/3/2019 12:18,3/4/2025 14:17,3,0,0
,,810078423997,RHL 1,EUCALYPTUS (EO) 1 OZ,,RAY'S HEALTHY LIVING -,15/1 >*,,13.99,4018311,0,,3,0,4.6,AROMA THERAPY,ESSENTIAL OILS,"Ray's Healthy Living, Eucalyptus (Eucalyptus globulus), 100% Pure Essential Oil, Net Wt. 1 fl oz (30ml)",,9/2/2019 0:53,12/19/2025 17:25,3,0,4.2
,,810078424000,RHL 1,EUCALYPTUS [EO] 4 OZ,,RAY'S HEALTHY LIVING -,15/1 >*,,17.99,4018314,0,,3,0,9,AROMA THERAPY,ESSENTIAL OILS,"Ray's Hea;thy Living, Eucalyptus 100% Pure Essential Oil, Net Wt. 4 fl oz.",,9/2/2019 1:30,12/30/2025 13:15,3,0,8.2
,,810078424017,RHL 1,FRANKINCENSE (EO) 1 OZ,,RAY'S HEALTHY LIVING -,15/1 >*,,14.99,4021141,0,,0,0,8.9,AROMA THERAPY,ESSENTIAL OILS,"Ray's Healthy Living, Frankincense (Boswellia carterii), 20% in Jojoba Oil, Pure Essential Oil, Net Wt. 1 fl oz (30ml)",,9/2/2019 1:04,6/3/2026 10:08,0,0,8.5
,,810078424024,RHL 1,GRAPEFRUIT PINK (EO) 1 OZ,,RAY'S HEALTHY LIVING -,15/1 >*,,13.99,4018321,0,,3,0,6.5,AROMA THERAPY,ESSENTIAL OILS,"Ray's Healthy Living, Grapefruit Pink (Citrus paradisi), 100% Pure Essential Oil, Net Wt. 1 fl oz (30ml)",,9/2/2019 1:02,1/9/2024 15:36,3,0,6
,,810078424031,RHL 1,HEAD RELIEF (EO) 1 OZ,,RAY'S HEALTHY LIVING -,15/1 >*,,14.99,4021191,0,,4,0,8,AROMA THERAPY,ESSENTIAL OILS,"Ray's Healthy Living, Head Relief, 100% Pure Essential Oil, Net Wt. 1 fl oz

788332211911",,2/26/2020 17:26,10/22/2025 18:56,4,0,0
,,810078424055,RHL 1,LAVENDER BULG (EO) 1 OZ,,RAY'S HEALTHY LIVING -,15/1 >*,,19.99,4018341,0,,5,0,10,AROMA THERAPY,ESSENTIAL OILS,"Ray's Healthy Living, Lavender Bulgarian (Lavendula angustifolia), 100% Pure Essential Oil, Net Wt. 1 fl oz (30ml)",,9/2/2019 1:10,2/11/2026 10:20,5,0,13
,,810078424062,RHL 1,LAVENDER FRENCH (EO) 1 OZ,,RAY'S HEALTHY LIVING -,15/1 >*,,13.99,4018331,0,,5,0,6.3,AROMA THERAPY,ESSENTIAL OILS,"Ray's Healthy Living, Lavender, French, Lavendula Angustifolia, 100% Pure Essential Oil, Net Wt. 1 fl oz (30ml)",,6/14/2022 17:58,9/13/2025 15:42,5,0,0
,,810078424093,RHL 1,LEMON EUC (EO) 1 OZ,,RAY'S HEALTHY LIVING -,15/1 >*,,10.99,4022541,0,,6,0,5.25,AROMA THERAPY,ESSENTIAL OILS,"Ray's Healthy Living, Lemon Eucalyptus (Eucalyptus citriodora), 100% Pure Essential Oil, Net Wt. 1 fl oz (30ml)",,9/2/2019 1:12,4/13/2024 12:41,6,0,5
,,400400926,RHL 1,PEPPERMINT RLLO ON (EO) .4 OZ,,MADINA,15/2 >*,,4.99,0926,0,,0,0,2.5,AROMA THERAPY,ESSENTIAL OILS,"Ray's Healthy Living, Peppermint (Mentha piperita), Roll On,  100% Pure Essential Oil, Net Wt. .4 fl oz (118ml)",,4/11/2025 14:15,,0,0,0
,,788332222511,RHL 1,LEMON ORG  (EO) 1 OZ,,RAY'S HEALTHY LIVING -,15/2 >*,,14.99,4022251,0,,1,0,8.5,AROMA THERAPY,ESSENTIAL OILS,"Ray's Healthy Living, Organic Lemon (Citrus limonum), 100% Pure Essential Oil, Net Wt. 1 fl oz",,6/18/2020 15:44,2/28/2026 17:08,1,0,0
,,810078424086,RHL 1,LEMON (EO) 1 OZ,,RAY'S HEALTHY LIVING -,15/2 >*,,13.99,4018351,0,,2,0,5.8,AROMA THERAPY,ESSENTIAL OILS,"Ray's Healthy Living, Lemon (Citrus Limonum), 100% Pure Essential Oil, Net Wt. 1 fl oz (30ml)",,9/2/2019 1:12,3/31/2026 11:35,2,0,5.8
,,810078424109,RHL 1,LEMONGRASS (EO) 1 OZ,,RAY'S HEALTHY LIVING -,15/2 >*,,13.99,4021151,0,,1,0,5.25,AROMA THERAPY,ESSENTIAL OILS,"Ray's Healthy Living, Lemongrass (Cymbopogon flexousus), 100% Pure Essential Oil, Net Wt. 1 fl oz (30ml)",,9/2/2019 1:15,5/2/2026 11:16,1,0,5
,,810078424130,RHL 1,ORANGE SWT (EO) 1 OZ,,RAY'S HEALTHY LIVING -,15/2 >*,,13.99,4018361,0,,4,0,4.4,AROMA THERAPY,ESSENTIAL OILS,"Ray's Healthy Living, Orange Sweet (Citrus sinsensis), 100% Pure Essential Oil, Net Wt. 1 fl oz (30ml)",,4/26/2020 17:36,7/22/2024 16:18,4,0,0
,,810078424154,RHL 1,PATCHOULI (EO) 1 OZ,,RAY'S HEALTHY LIVING -,15/2 >*,,19.99,4018381,0,,2,0,9.2,AROMA THERAPY,ESSENTIAL OILS,"Ray's Healthy Living, Patchouli (Pogostemon cablin), 100% Pure Essential Oil, Net Wt. 1 fl oz (30ml)",,6/9/2021 21:16,5/2/2026 11:16,2,0,0
,,810078424161,RHL 1,PEPPERMINT (EO) 1 OZ,,RAY'S HEALTHY LIVING -,15/2 >*,,13.99,4018391,0,,1,0,6.3,AROMA THERAPY,ESSENTIAL OILS,"Ray's Healthy Living, Peppermint (Mentha piperita), 100% Pure essential Oil, Net Wt. 1 fl oz (30ml)",,9/2/2019 1:16,7/14/2026 9:52,1,0,3.6857
,,810078424178,RHL 1,PEPPERMINT (EO) 4 OZ,,RAY'S HEALTHY LIVING -,15/2 >*,,29.99,4018394,0,,0,0,18,AROMA THERAPY,ESSENTIAL OILS,"Ray's Healthy Living, Peppermint (Mentha piperita), 100% Pure Essential Oil, Net Wt. 4 fl oz (118ml)",,9/2/2019 1:29,6/22/2026 18:37,0,0,14.05
,,810078424192,RHL 1,ROSE GERANIUM OIL 1 OZ,,RAY'S HEALTHY LIVING -,15/2 >*,,23.99,4021121,0,,1,0,12,AROMA THERAPY,ESSENTIAL OILS,"Ray's Healthy Living, Rose Geranium, Pelargonium graveolens, 100% Pure Essential Oil, Net Wt. 1 fl oz (30ml)",,6/9/2021 21:13,4/13/2024 12:41,1,0,0
,,810078424208,RHL 1,ROSEMARY (EO) 1 OZ,,RAY'S HEALTHY LIVING -,15/2 >*,,13.99,4018401,0,,3,0,7,AROMA THERAPY,ESSENTIAL OILS,"Ray's Healthy Living, Rosemary (Rosmarinus officialis), 100% Pure Essential Oil, Net Wt. 1 fl oz (30ml)",,9/3/2019 12:31,6/26/2026 17:12,3,0,0
,,810078424215,RHL 1,SAGE (EO) 1 OZ,,RAY'S HEALTHY LIVING -,15/2 >*,,17.99,4021171,0,,5,0,9.1,AROMA THERAPY,ESSENTIAL OILS,"Ray's Healthy Living, Sage Eastern Europe)), 100% Pure essential Oil, Net Wt. 1 fl oz (30ml)",,11/10/2024 14:28,5/2/2026 11:16,5,0,0
,,810078424284,RHL 1,YLANG YLANG (EO) 1 OZ,,RAY'S HEALTHY LIVING -,15/2 >*,,24.99,4018421,0,,3,0,14,AROMA THERAPY,ESSENTIAL OILS,"Ray's Healthy Living, Ylang Ylang, 100% Pure essential Oil, Net Wt. 1 fl oz (30ml)",,9/14/2022 16:00,10/22/2025 18:56,3,0,0
,,810078424352,RHL 1,TEA TREE ORG (EO) 1 OZ,,RAY'S HEALTHY LIVING -,15/2 >*,,14.99,4022281,0,,2,0,9,AROMA THERAPY,ESSENTIAL OILS,"Ray's Healthy Living, Organic Tea Tree (Melaleuca alternifolia), 100% Pure Essential Oil, Net Wt. 1 fl oz (30ml)",,9/2/2019 1:26,5/26/2026 15:37,2,0,8
,,810078424048,RHL 1,JASMINE ABSOLUTE (EO) 1 OZ,,RAY'S HEALTHY LIVING -,15/2<>*,,29.99,4021131,0,,3,0,20,AROMA THERAPY,ESSENTIAL OILS,"Ray's Healthy Living, Jasmine Absolute, 7.5% in Jojoba Oil, Jasminum grandiflorum, Pure Essential Oil, Net Wt. 1 fl oz (30ml)",,9/2/2019 1:06,4/13/2024 12:41,3,0,25
,,810078424123,RHL 1,NEROLI (EO) 7.5% 1 OZ,,RAY'S HEALTHY LIVING -,15/2<>*,,29.99,4022521,0,,1,0,20,AROMA THERAPY,ESSENTIAL OILS,"Ray's Healthy Living, Neroli 7.5% in Jojoba Oil, Citrus aurantium, Pure Essential Oil, Net Wt. 1 fl oz (30ml)",,9/3/2019 12:26,,1,0,0
,,810078424222,RHL 1,SANDALWOOD (EO) 1 OZ,,RAY'S HEALTHY LIVING -,15/2<>*,,39.99,4021111,0,,0,0,20.48,AROMA THERAPY,ESSENTIAL OILS,"Ray's Healthy Living, Sandalwood, 16% in Jojoba Oil, Santalum Spicatum, Pure Essential Oil, Net Wt. 1 fl oz (30ml)",,9/2/2019 1:22,11/26/2025 16:25,0,0,26
,,810078424406,RHL 1,GRAPESEED OIL 4 OZ,,RAY'S HEALTHY LIVING -,15/3 > *,,9.89,4022334,0,,2,0,5.5,BODY OIL,CARRIER OIL,"Ray's Healthy Living, Grapeseed (Vitis vinifera), 100% Pure Moisturizing Oil, Net Wt. 4 fl oz (118ml)",,9/7/2019 23:04,5/25/2026 15:52,2,0,3.9
,,810078424079,RHL 1,LAV [EO] 4 OZ,,RAY'S HEALTHY LIVING -,15/3 >*,,29.99,4018334,0,,8,0,17.2,AROMA THERAPY,ESSENTIAL OILS,"Ray's Healthy Living, Lavender, French, Lavendula angustifolia, 100% Pure essential Oil, Net Wt. 4 fl oz (30ml)",,11/7/2022 11:54,8/24/2024 16:54,8,0,0
,,810078424369,RHL 1,SWEET ALMOND OIL 4 OZ,,RAY'S HEALTHY LIVING -,15/3 >*,,9.89,4022294,0,,2,0,6,AROMA THERAPY,CARRIER OIL,"Ray's Healthy Living, Sweet Almond (Prunis dulcis), 100% Pure Moisturizing Oil, Net Wt. 4 fl oz (118ml)",,9/7/2019 22:53,5/8/2026 13:46,2,0,3.9
,,810078424376,RHL 1,ARGAN OIL 2 OZ,,RAY'S HEALTHY LIVING -,15/3 >*,,19.99,4022302,0,,2,0,8.63,BODY OIL,CARRIER OIL,"Ray's Healthy Living, Organic Argan [Argania Spinosa], 100% Pure Moisturizing Oil, 2 fl oz (59 ml)",,9/7/2019 22:59,3/5/2026 12:53,2,0,8
,,810078424390,RHL 1,CASTOR SEED OIL 4 OZ,,RAY'S HEALTHY LIVING -,15/3 >*,,9.99,4022324,0,,4,0,4.88,BODY OIL,CARRIER OIL,"Ray's Healthy Living, Castor Seed (Ricinus communis), 100% Pure Moisturizing Oil, Net Wt. 4 fl oz (118ml)",,9/7/2019 23:03,4/9/2026 16:13,4,0,3.9
,,810078424413,RHL 1,JOJOBA SEED OIL 4 OZ,,RAY'S HEALTHY LIVING -,15/3 >*,,14.69,4022344,0,,3,0,8.75,BODY OIL,CARRIER OIL,"Ray's Healthy Living, Jojoba Seed (Simmondsia chinesis), 100% Pure Moisturizing Oil, Net Wt. 4 fl oz (118ml)",,9/7/2019 23:06,1/3/2026 12:54,3,0,8
,,810078424185,RHL 1,ROSE ABSOLUTE (EO) 1 OZ,,RAY'S HEALTHY LIVING -,15/3<>*,,29.99,4021181,0,,0,0,15.5,AROMA THERAPY,ESSENTIAL OILS,"Ray's Healthy Living, Rose Absolute Oil, 5% in Jojoba Oil, Rosa centifolia, Pure Essential Oil, Net Wt. 1 fl oz (30ml)",,9/2/2019 1:17,3/24/2023 15:33,0,0,15
,,810078424383,RHL 1,AVOCADO OIL 4 OZ,,RAY'S HEALTHY LIVING -,15/4 >*,,9.99,4022314,0,,3,0,5.25,BODY OIL,CARRIER OIL,"Ray's Healthy Living, Avocado (Persea Gratissima, 100% Pure Moisturizing Oil, 4 fl oz (118ml)",,9/7/2019 23:00,11/7/2022 11:57,6,-3,4.5
,,810078423454,RHL 1,STEVIA ORGANIC 1 OZ,,RAY'S HEALTHY LIVING -,16/4 >*,,9.99,4021631,0,,1,0,5.6,PANTRY,SWEETENER,"Ray's Healthy Living, Organic Stevia, 100% Gluten Free, Herbal Supplement, Net Wt. 1 fl oz (30ml), USDA Organic",,9/1/2019 21:58,6/9/2026 18:00,1,0,5.4
,,810078423485,RHL 1,STEVIA PEP MINT  4 OZ,,RAY'S HEALTHY LIVING -,16/4 >*,,13.99,4017582,0,,2,0,7.7,PANTRY,SWEETENER,"Ray's Healthy Living, Peppermint Stevia, 100% Gluten Free, Herbal Supplement, Net Wt. 4 fl oz (59 ml)",,9/1/2019 21:50,4/2/2025 11:47,2,0,7.4
,,810078424574,RHL 1,IRSH MOSS PWD 4 OZ,,RAY'S HEALTHY LIVING -,16/5 >*,,19.99,4022834,0,,2,0,10,PANTRY,IRISH SEA MOSS,"Ray's Healthy Living,  Irsh Moss Powder, 100% Vegetarian, Herbal Supplement, Net Wt. 4 oz (114g)",,4/11/2022 14:57,12/27/2025 13:24,2,0,0
,,810078424581,RHL 1,MACA PWD 4 OZ,,RAY'S HEALTHY LIVING -,16/5 >*,,17.99,4020774,0,,6,0,8.25,SUPERFOOD,LOOSE HERBS,"Ray's Healthy Living, Maca Powder, 100% Vegetarian, Herbal Supplement, Net Wt. 4 oz (114grams)",,9/3/2019 12:51,3/6/2026 12:28,6,0,0
,,810078424598,RHL 1,TURMERIC PWD 4 OZ,,RAY'S HEALTHY LIVING -,16/5 >*,,13.99,4020994,0,,3,0,5.75,SUPERFOOD,LOOSE HERBS,"Ray's Healthy Living, Turmeric Powder, 100% Vegetarian, Organic Herbal Supplement, Net Wt. 4 oz (114g)",,9/3/2019 12:59,5/23/2026 17:13,3,0,0
,,810078420347,RHL 1,CHLORELLA 90 VCAP,,RAY'S HEALTHY LIVING -,16/6 >*,,19.99,4019760,0,,2,0,6.94,SUPERFOOD,CAPSULES,"Ray's Healthy Living,  Chlorella Broken Cell, 100% Vegetarian, Herbal Supplement, 90 Veggie Caps",,9/1/2019 3:15,6/10/2026 12:07,2,0,8.8
,,810078420644,RHL 1,IRSH MOSS 90 VCAPS,,RAY'S HEALTHY LIVING -,16/6 >*,,19.99,4022840,0,,1,0,7.5,PANTRY,IRISH SEA MOSS,"Ray's Healthy Living, Irsh Moss, 100%vegetarian, Herbal Supplement, 90 Veggie Caps",,7/31/2020 11:54,7/20/2026 11:47,1,0,7.5
,,810078420736,RHL 1,MORINGA 90 VCAP,,RAY'S HEALTHY LIVING -,16/6 >*,,13.99,4022430,0,,0,0,7.1,SUPERFOOD,CAPSULES,"Ray's Healthy Living, Moringa, 100% Vegetarian, Herbal Supplement, 90 Veggie Caps",,9/1/2019 20:58,6/9/2026 14:45,0,0,6.8
,,810078420866,RHL 1,SPIRULINA 90 VCAP,,RAY'S HEALTHY LIVING -,16/6 >*,,19.99,4019860,0,,2,0,7.8,SUPERFOOD,CAPSULES,"Ray's Healthy Living, Spirulina, 100% Vegetarian, Herbal Supplement, 90 Veggie Caps",,9/1/2019 21:16,7/18/2026 11:47,2,0,5.2557
,,810078421771,RHL 1,MORINGA 1 OZ,,RAY'S HEALTHY LIVING -,16/6 >*,,13.99,4020951,0,,5,0,7,SUPERFOOD,JUICE,"Ray's Healthy Living, Moringa, Herbal Supplement, Net Wt. 1 fl oz (30ml)",,9/23/2019 13:19,7/25/2025 14:19,5,0,0
,,810078422037,RHL 1,SCHISANDRA 1 OZ,,RAY'S HEALTHY LIVING -,16/6 >*,,13.99,4006461,0,,4,0,7.1,SUPERFOOD,JUICE,"Ray's Healthy Living, Schisandra Berries, Herbal Supplement, Net Wt. 1 fl oz (30ml)",,9/23/2019 13:28,11/21/2025 14:16,4,0,0
,,40040050,RHL 1,ROSE CREAM SAMPLE,,NATURAL HEALTH CENTER ,18/2 >*,,10,0050,0,,1,0,5.1,PERSONAL SUPPORT,SKIN,"Rose Beautifying Cream, Age Renewing Moisturizing Cream, (Sample)",,8/17/2023 16:30,5/1/2024 16:45,1,0,0
,,40040047,RHL 1,ROSE CRM AGE RENEW 2 OZ,,NATURAL HEALTH CENTER ,18/3 >*,,59.99,0047,0,,2,0,22,PERSONAL SUPPORT,SKIN,"Rose Beautifying Cream, Age Renewing Moisturizing Cream Net. Wt. 2 oz.",,8/14/2023 11:19,1/5/2026 12:06,2,0,0
,,810078420019,RHL 1,ASHWAGANDHA 60 L-VCAP,,RAY'S HEALTHY LIVING -,2/1 >*,,24.99,4022710,0,,2,0,11.59,HERBAL SUPPLEMENTS A - Z,BRAIN AND NERVE SUPPORT,"Ray's Healthy Living, Ashwagandha, 100% Vegetarian, Herbal Supplement, 60 Liquid Veggie Caps",,9/15/2020 22:03,5/7/2026 14:28,2,0,0
,,810078420217,RHL 1,ASHWAGANDHA 90 VCAP,,RAY'S HEALTHY LIVING -,2/1 >*,,23.99,4019710,0,,0,0,8.25,NERVOUS SYSTEM,STRESS SUPPORT,"Ray's Healthy Living, Ashwagandha, 100% Vegetarian,  Standardized & Full Spectrum, Herbal Supplement, 90 Veggie Capsules",,7/31/2020 15:52,7/11/2026 13:23,0,0,0
,,810078420224,RHL 1,ASTRAGALUS 90 VCAP,,RAY'S HEALTHY LIVING -,2/1 >*,,13.99,4015390,0,,3,0,5.48,HERBAL SUPPLEMENTS A - Z,HERBAL SUPPLEMENT,"Ray's Healthy Living, Astragalus, 100% Vegetarian, Herbal Supplement, 90 Veggie Caps",,9/1/2019 21:24,6/4/2026 18:02,3,0,6.3
,,810078421030,RHL 1,ASHWAGANDHA 1 OZ,,RAY'S HEALTHY LIVING -,2/1 >*,,14.99,4003731,0,,3,0,5.51,NERVOUS SYSTEM,STRESS SUPPORT,"Ray's Healthy Living, Ashwagandha, Herbal Supplement, Net Wt. 1 fl oz (30ml)",,9/1/2019 23:47,3/6/2026 11:55,3,0,6.6
,,810078421047,RHL 1,ASHWAGANDHA 2 OZ,,RAY'S HEALTHY LIVING -,2/1 >*,,23.99,4003732,0,,1,0,10.16,HERBAL SUPPLEMENTS A - Z,LIQUID HERBS,"Ray's Healthy Living, Ashwagandha, Herbal Supplement, Net Wt. 2 fl oz (59ml)",,9/1/2019 23:46,4/30/2026 18:52,1,0,12.3
,,810078421054,RHL 1,ASTRAGALUS 1 OZ,,RAY'S HEALTHY LIVING -,2/1 >*,,12.99,4003741,0,,3,0,5.51,HERBAL SUPPLEMENTS A - Z,LIQUID HERBS,"Ray's Healthy Living, Astragalus, Herbal Supplement, Net Wt. 1 fl oz (30ml)",,4/7/2021 13:33,3/15/2025 12:00,3,0,0
,,810078421177,RHL 1,CHAMOMILE 1 OZ,,RAY'S HEALTHY LIVING -,2/1 >*,,13.99,4003911,0,,4,0,5.51,LIQUID HERBS A - Z,LIQUID SUPPLEMENT,"Ray's Healthy Living, Chamomile, Herbal Supplement, 1 fl oz (30ml)",,9/2/2019 0:10,6/27/2025 14:55,4,0,6.6
,,810078421061,RHL 1,ASTRAGALUS 2  OZ,,RAY'S HEALTHY LIVING -,2/1<,,23.79,4003742,0,,0,0,12.9,LIQUID HERBS A - Z,LIQUID SUPPLEMENT,"Ray's Healthy Living, Astragalus, Herbal Supplement, Net Wt. 2 fl oz (59ml)",,4/1/2021 15:55,7/1/2025 15:28,0,0,0
,,810078420491,RHL 1,GINGER 90 VCAP,,RAY'S HEALTHY LIVING -,2/2 >*,,13.99,4015490,0,,2,0,7,HERBAL SUPPLEMENTS A - Z,HERBAL SUPPLEMENT,"Ray's Healthy Living, Ginger, Herbal Supplement, 90 Veggie Caps",,9/1/2019 20:40,4/23/2026 10:12,2,0,4.8557
,,810078420606,RHL 1,HOLY BASIL 60 VCAP,,RAY'S HEALTHY LIVING -,2/2 >*,,21.99,4019800,0,,8,0,8.8,HERBAL SUPPLEMENTS A - Z,HERBAL SUPPLEMENT,"Ray's Healthy Living, Holy Basil, Organic, Standardized & Full Spectrum, Herbal Supplement, 60 Veggie Caps",,9/1/2019 20:48,11/13/2025 16:46,8,0,0
,,810078421443,RHL 1,GINGER 1 OZ,,RAY'S HEALTHY LIVING -,2/2 >*,,13.99,4004101,0,,1,0,7,HERBAL SUPPLEMENTS A - Z,LIQUID HERBS,"Ray's Healthy Living, Ginger, Herbal Supplement, Net Wt. 1 fl oz (30ml)",,9/2/2019 0:39,6/26/2026 16:00,1,0,4.4557
,,810078421559,RHL 1,HOLY BASIL 1 OZ,,RAY'S HEALTHY LIVING -,2/2 >*,,13.99,4015781,0,,5,0,7,,,"Ray's Healthy Living, Holy Basil, Herbal Supplement, Net Wt. 1 fl oz (30ml)",,9/1/2019 23:59,3/21/2026 16:13,5,0,6.6
,,810078421580,RHL 1,HORSE CHESTNUT 1 OZ,,RAY'S HEALTHY LIVING -,2/2 >*,,13.99,4006651,0,,4,0,7,CARDIOVASCULAR SUPPORT,CIRCULARTORY SUPPORT,"Ray's Healthy Living, Horse Chestnut, Herbal Supplement, Net Wt. 1 fl oz (30ml)",,2/26/2020 17:11,11/26/2025 16:10,4,0,0
,,810078421900,RHL 1,PASSION FLOWER 1 OZ,,RAY'S HEALTHY LIVING -,2/2 >*,,13.99,4004371,0,,2,0,7,HERBAL SUPPLEMENTS A - Z,LIQUID HERBS,"Ray's Healthy Living, Passion Flower, Herbal Supplement, Net Wt. 1 fl oz (30ml)",,9/2/2019 0:29,6/19/2026 15:36,2,0,6.6
,,810078422013,RHL 1,SARSAPARILLA 1 OZ,,RAY'S HEALTHY LIVING -,2/2 >*,,13.99,4004471,0,,2,0,7,HERBAL SUPPLEMENTS A - Z,LIQUID HERBS,"Ray's Healthy Living, Sarsaparilla, Herbal Supplement, Net Wt. 1 fl oz (30ml)",,9/1/2019 22:33,5/5/2025 13:01,2,0,6.3
,,810078420231,RHL 1,BACOPA 90 VCAP,,RAY'S HEALTHY LIVING -,2/3 >*,,19.99,4019720,0,,2,0,7.28,NERVOUS SYSTEM,BRAIN -  NERVE SUPPORT -  MENT,"Ray's Healthy Living, Bacopa Herbs, Herbal Supplement, 90 Veggie Caps Organic",,9/21/2019 19:00,5/23/2026 17:36,2,0,0
,,810078420514,RHL 1,GINKGO 90 VCAP,,RAY'S HEALTHY LIVING -,2/3 >*,,15.99,4015500,0,,4,0,8.5,NERVOUS SYSTEM,BRAIN -  NERVE SUPPORT -  MENT,"Ray's Healthy Living, Ginkgo, Standardized & Full Spectrum, 100% Vegetarian, Herbal Supplement, 90 Veggie Caps",,9/1/2019 20:41,3/28/2026 18:00,4,0,8.1
,,810078420552,RHL 1,GOTU KOLA 90 VCAP,,RAY'S HEALTHY LIVING -,2/3 >*,,19.99,4019780,0,,2,0,7.6,MEN -  WOMAN HEALTH,ADRENAL SUPPORT,"Ray's Healthy Living, Gotu Kola, 100% Vegetarian, Herbal Supplement, 90 Veggie Caps",,9/1/2019 20:46,4/8/2024 17:01,2,0,7.2
,,810078421450,RHL 1,GINKGO 1 OZ,,RAY'S HEALTHY LIVING -,2/3 >*,,13.99,4004111,0,,5,0,7,NERVOUS SYSTEM,BRAIN -  NERVE SUPPORT -  MENT,"Ray's Healthy Living, Ginkgo, Herbal Supplement, Net Wt.  1 fl oz (30ml)",,9/1/2019 23:58,5/9/2026 14:04,5,0,6.6
,,810078421467,RHL 1,GINKGO AF 1 OZ,,RAY'S HEALTHY LIVING -,2/3 >*,,15.99,4004921,0,,4,0,7.4,NERVOUS SYSTEM,BRAIN -  NERVE SUPPORT -  MENT,"Ray's Healthy Living, Ginkgo, Alcohol Free, Herbal Supplement, Net Wt. 1 fl oz (30ml)",,3/31/2023 18:14,6/12/2026 13:15,4,0,0
,,810078421641,RHL 1,KUDZU 1 OZ,,RAY'S HEALTHY LIVING -,2/3 >*,,19.99,4004221,0,,3,0,5.51,NERVOUS SYSTEM,ALCOHOLISM,"Ray's Healthy Living, Kudzu, Herbal Supplement, Net Wt. 1 fl oz(30ml)",,11/16/2020 11:41,11/27/2023 16:53,3,0,0
,,810078422228,RHL 1,OATS SEED 1 OZ,,RAY'S HEALTHY LIVING -,2/3 >*,,14.89,4004611,0,,3,0,7,MEN -  WOMAN HEALTH,MEN & WOMEN hEALTH,"Ray's Healthy Living, Fresh Organic Milky Oats Seed (Avena Satvia) , Herbal Supplement, Net Wt. 1 fl oz (30ml)",,12/9/2022 17:52,7/17/2026 12:16,3,0,0
,,810078420835,RHL 1,RHODIOLA 60 VCAP,,RAY'S HEALTHY LIVING -,2/4 >*,,23.99,4022670,0,,4,0,14.4,NERVOUS SYSTEM,STRESS ANXIETY SUPPORT,"Ray's Healthy Living, Rhodiola, Standardized, 100% Vegetarian, Herbal Supplement, 60 Veggie Caps",,9/15/2020 22:45,1/5/2026 11:47,4,0,0
,,810078420873,RHL 1,ST JOHNS WORT 90 VCAP,,RAY'S HEALTHY LIVING -,2/4 >*,,13.99,4015600,0,,4,0,7.4,NERVOUS SYSTEM,BRAIN -  NERVE SUPPORT -  MENT,"Ray's Healthy Living, St. John's Wort, 0.3% Hypericin, Full Spectrum, 100% Vegetarian, Herbal Supplement, 90 Veggie Caps",,9/1/2019 21:17,2/5/2026 12:56,4,0,6.1
,,810078421351,RHL 1,ELEUTHERO 1 OZ,,RAY'S HEALTHY LIVING -,2/4 >*,,14.99,4004141,0,,4,0,7,NERVOUS SYSTEM,STRESS ANXIETY SUPPORT,"Ray's Healthy Living, Eleuthero, Herbal Supplement, 1 fl oz (30ml)",,9/23/2019 12:39,5/22/2026 10:23,4,0,0
,,810078421573,RHL 1,HOPS 1 OZ,,RAY'S HEALTHY LIVING -,2/4 >*,,15.99,4004181,0,,3,0,7,NERVOUS SYSTEM,STRESS ANXIETY SUPPORT,"Ray's Healthy Living, Hops, Herbal Supplement, Organic, Net Wt. 1 fl oz (30ml)",,9/2/2019 0:00,8/24/2023 11:49,3,0,6.6
,,810078421658,RHL 1,LAVENDER 1 OZ,,RAY'S HEALTHY LIVING -,2/4 >*,,13.99,4007521,0,,3,0,7,NERVOUS SYSTEM,BRAIN -  NERVE SUPPORT -  MENT,"Ray's Healthy Living, Lavender, Herbal Supplement, Net Wt. 1 fl oz (30ml)",,9/2/2019 0:12,3/14/2025 16:58,3,0,6.6
,,810078421672,RHL 1,LICORICE 1 OZ,,RAY'S HEALTHY LIVING -,2/4 >*,,14.99,4004231,0,,6,0,7,NERVOUS SYSTEM,STRESS ANXIETY SUPPORT,"Ray's Healthy Living, Licorice, Herbal Supplement, Net Wt. 1 fl oz (30ml)",,9/2/2019 0:09,6/16/2025 13:45,6,0,6.6
,,810078422006,RHL 1,RHODIOLA 1 OZ,,RAY'S HEALTHY LIVING -,2/4 >*,,15.99,4009341,0,,2,0,9,NERVOUS SYSTEM,STRESS ANXIETY SUPPORT,"Ray's Healthy Living, Rhodiola, Herbal Supplement, Net Wt. 1 fl oz (30ml)",,9/2/2019 0:36,3/20/2026 12:42,2,0,6.9
,,810078422044,RHL 1,SKULLCAP 1 OZ,,RAY'S HEALTHY LIVING -,2/4 >*,,13.99,4004491,0,,1,0,7,NERVOUS SYSTEM,STRESS SUPPORT,"Ray's Healthy Living, Skullcap, Herbal Supplement, Net Wt. 1 fl oz (30ml)",,9/1/2019 21:32,10/23/2025 12:50,1,0,6.6
,,810078422068,RHL 1,ST JOHNS WORT 1 OZ,,RAY'S HEALTHY LIVING -,2/4 >*,,13.99,4004521,0,,2,0,7,NERVOUS SYSTEM,STRESS ANXIETY SUPPORT,"Ray's Healthy Living, St. John's Wort, Herbal Supplement, Net Wt. 1 fl oz (30ml)",,9/23/2019 13:33,5/29/2026 11:35,2,0,4.4557
,,810078422082,RHL 1,ST JOHNS AF WORT 1 OZ,,RAY'S HEALTHY LIVING -,2/4 >*,,15.99,4004951,0,,3,0,7.4,NERVOUS SYSTEM,BRAIN -  NERVE SUPPORT -  MENT,"Ray's Healthy Living, St. John's Wort, Alcohol Free, Herbal Supplement, Net Wt. 1 fl oz (30ml)",,9/1/2019 22:17,6/27/2025 14:55,3,0,7
,,810078422402,RHL 1,ANXIET-EASE 1 OZ,,RAY'S HEALTHY LIVING -,2/4 >*,,14.99,4005451,0,,2,0,5.85,NERVOUS SYSTEM,ANXIETY SUPPORT,"Ray's Healthy Living, Anxiet-Ease, Herbal Supplement, Net Wt. 1 fl oz (30ml)",,9/23/2019 14:12,2/11/2026 10:20,2,0,0
,,810078423089,RHL 1,MENTAL MASTER 1 OZ,,RAY'S HEALTHY LIVING -,2/4 >*,,15.99,4006721,0,,3,0,7.2,NERVOUS SYSTEM,BRAIN -  NERVE SUPPORT -  MENT,"Ray's Healthy Living, Mental Master, Herbal Supplement, Net Wt. 1 fl oz (30ml)",,9/23/2019 20:17,6/14/2025 15:53,3,0,0
,,810078423096,RHL 1,MENTAL MASTER 2 OZ,,RAY'S HEALTHY LIVING -,2/4 >*,,23.99,4006722,0,,0,0,13.3,NERVOUS SYSTEM,BRAIN -  NERVE SUPPORT -  MENT,"Ray's Healthy Living, Mental Master, Herbal Supplement, 2 fl oz (59ml)",,2/14/2020 12:05,8/9/2024 17:13,0,0,4.6557
,,810078423195,RHL 1,RELAX 1 OZ,,RAY'S HEALTHY LIVING -,2/4 >*,,13.99,4004861,0,,5,0,7.2,NERVOUS SYSTEM,STRESS SUPPORT,"Ray's Healthy Living, Relax, Herbal Supplement, Net Wt. 1 fl oz (30ml)",,8/8/2023 16:20,10/3/2025 13:37,5,0,0
,,810078423218,RHL 1,RELAX AF 1 OZ,,RAY'S HEALTHY LIVING -,2/4 >*,,13.99,4006291,0,,4,0,7.2,NERVOUS SYSTEM,STRESS SUPPORT,"Ray's Healthy Living, Relax, Alcohol Free, Herbal Supplement, Net Wt. 1 fl oz (30ml)",,9/25/2019 20:00,2/25/2026 13:10,4,0,0
,,810078423324,RHL 1,ST JOHNS TONIC AF 1 OZ,,RAY'S HEALTHY LIVING -,2/4 >*,,15.69,4006251,0,,0,0,7.6,NERVOUS SYSTEM,BRAIN -  NERVE SUPPORT -  MENT,"Ray's Healthy Living, St. John's Tonic, Alcohol Free, Herbal Supplement, Net Wt. 1 fl oz (30ml)",,9/27/2019 19:28,4/9/2026 15:50,0,0,0
,,810078420095,RHL 1,KAVA 60 LVCAP,,RAY'S HEALTHY LIVING -,2/5 >*,,33.99,4013030,0,,3,0,16.8,NERVOUS SYSTEM,STRESS SUPPORT,"Ray's Healthy Living, Kava, 100% Vegetarian, Promotes Deep Relaxation, Reduces Everyday Stress, Herbal Supplement, 60 Liquid Veggie Caps",,9/1/2019 3:00,3/13/2026 14:19,3,0,13.6
,,810078420156,RHL 1,STRESS EASE 60 LVCAP,,RAY'S HEALTHY LIVING -,2/5 >*,,31.79,4021580,0,,2,0,15.75,NERVOUS SYSTEM,STRESS SUPPORT,"Ray's Healthy Living, Stress-Ease, 100% Vegetarian, Herbal Supplement, 60 Liquid Veggie Capsules",,2/26/2020 17:39,1/20/2024 11:36,2,0,0
,,810078420248,RHL 1,BILBERRY 60 VCAP,,RAY'S HEALTHY LIVING -,2/5 >*,,19.99,4015400,0,,3,0,8.66,NERVOUS SYSTEM,EYE CARE,"Ray's Healthy Living, Bilberry, 25% Anthocyanidins & Full Spectrum, Herbal Supplement, 60 Veggie Caps",,9/1/2019 3:08,4/4/2026 13:14,3,0,10.3
,,810078420651,RHL 1,KAVA 90 VCAP,,RAY'S HEALTHY LIVING -,2/5 >*,,23.99,4015560,0,,2,0,11.6,NERVOUS SYSTEM,STRESS SUPPORT,"Ray's Healthy Living, Kava, 100% Vegetarian, Supports Deep Relaxation, Herbal Supplement, 90 Veggie Caps",,9/1/2019 20:49,4/18/2025 15:14,2,0,11.1
,,810078420668,RHL 1,KAVA GOLD 90 VCAP,,RAY'S HEALTHY LIVING -,2/5 >*,,24.79,4017400,0,,3,0,13,NERVOUS SYSTEM,STRESS SUPPORT,"Ray's Healthy Living, Kava Gold with Albizia, 100% Vegetarian, Herbal Supplement, 90 Veggie Caps",,9/1/2019 20:50,7/26/2025 16:21,3,0,0
,,810078421078,RHL 1,BILBERRY 1 OZ,,RAY'S HEALTHY LIVING -,2/5 >*,,13.99,4008571,0,,5,0,5.51,NERVOUS SYSTEM,EYE CARE,"Ray's Healthy Living, Bilberry, Herbal Supplement, Net Wt. 1 fl oz (30ml)",,9/1/2019 23:54,3/29/2025 9:49,5,0,6.6
,,810078421368,RHL 1,EYEBRIGHT 1 OZ,,RAY'S HEALTHY LIVING -,2/5 >*,,13.99,4004051,0,,4,0,7,NERVOUS SYSTEM,EYE CARE,"Ray's Healthy Living, Eyebright, Herbal Supplement, Net Wt. 1 fl oz (30ml)",,9/2/2019 0:24,8/24/2024 16:02,4,0,6.6
,,810078421399,RHL 1,FEVERFEW 1 OZ,,RAY'S HEALTHY LIVING -,2/5 >*,,14.99,4005201,0,,3,0,7,NERVOUS SYSTEM,HEAD - AID,"Ray's Healthy Living, Feverfew, Herbal Supplement, 1 fl oz (30ml)",,9/23/2019 12:53,6/2/2020 10:54,3,0,0
,,810078421603,RHL 1,KAVA 1 OZ,,RAY'S HEALTHY LIVING -,2/5 >*,,17.99,4004211,0,,4,0,8.5,NERVOUS SYSTEM,BRAIN -  NERVE SUPPORT -  MENT,"Ray's Healthy Living, Kava, Herbal Supplement, Net Wt. 1 fl oz (30ml)",,9/23/2019 13:07,3/6/2026 11:55,4,0,0
,,810078421665,RHL 1,LEMON BALM 1 OZ,,RAY'S HEALTHY LIVING -,2/5 >*,,13.99,4006661,0,,2,0,7,LIQUID HERBS A - Z,LIQUID SUPPLEMENT,"Ray's Healthy Living, Lemon Balm, Herbal Supplement, Net Wt. 1 fl oz (30ml)",,9/2/2019 0:12,7/29/2025 17:22,2,0,6.6
,,810078421689,RHL 1,LOBELIA 1 OZ,,RAY'S HEALTHY LIVING -,2/5 >*,,15.79,4004241,0,,0,0,7.2,NERVOUS SYSTEM,BRAIN -  NERVE SUPPORT -  MENT,"Ray's Healthy Living, Lobelia, Herbal Supplement, Net Wt. 1 fl oz (30ml)",,9/2/2019 0:02,3/28/2025 13:57,0,0,6.9
,,810078422891,RHL 1,HEAD AID 1 OZ,,RAY'S HEALTHY LIVING -,2/5 >*,,13.99,4005271,0,,1,0,7.15,NERVOUS SYSTEM,HEAD - AID,"Ray's Healthy Living, Head-Aid, Herbal Supplement, Net Wt. 1 fl oz (30ml)",,8/11/2020 15:49,5/27/2026 16:07,1,0,0
,,810078422983,RHL 1,KAVA GOLD A/F 1 OZ,,RAY'S HEALTHY LIVING -,2/5 >*,,17.99,4006131,0,,3,0,8.8,NERVOUS SYSTEM,BRAIN -  NERVE SUPPORT -  MENT,"Ray's Healthy Living, Kava Gold Alcohol Free, Herbal Supplement, Net Wt. 1 fl oz (30ml)",,12/1/2025 17:09,,3,0,0
,,810078423331,RHL 1,STRESS EASE 1 OZ,,RAY'S HEALTHY LIVING -,2/5 >*,,14.99,4022811,0,,3,0,7.85,NERVOUS SYSTEM,STRESS SUPPORT,"Ray's Healthy Living, Stress-Ease, 100% Vegetarian, Herbal Supplement, Net Wt. 1 OZ",,8/15/2023 13:35,5/28/2025 19:01,3,0,0
,,810078420149,RHL 1,SLEEP VAL MEL 60 LVCAP,,RAY'S HEALTHY LIVING -,2/6 >*,,27.99,4012880,0,,3,0,14.85,NERVOUS SYSTEM,SLEEP,"Ray's Healthy Living, Sleep with Valarian & Melatonin, 100% Vegetarian, Herbal Supplement, 60 Liquid Veggie Caps",,9/20/2019 19:30,4/8/2024 11:07,4,-1,0
,,810078420859,RHL 1,SLEEP VAL MEL 90 V CAP,,RAY'S HEALTHY LIVING -,2/6 >*,,17.69,4017440,0,,5,0,9.8,NERVOUS SYSTEM,SLEEP,"Ray's Healthy Living, Sleep with Valerian And Melatonin, Herbal Suplement 90 Veggie Capsules",,9/4/2023 8:09,3/20/2026 12:42,5,0,0
,,810078420996,RHL 1,VALERIAN 90 VCAP,,RAY'S HEALTHY LIVING -,2/6 >*,,19.99,4015620,0,,6,0,8.6,NERVOUS SYSTEM,SLEEP,"Ray's Healthy Living, Valerian, 100% Vegetarian, Herbal Supplements, 90 Veggie Caps",,9/1/2019 21:21,6/20/2026 14:48,6,0,7.1
,,810078422150,RHL 1,VALERIAN 1 OZ,,RAY'S HEALTHY LIVING -,2/6 >*,,13.99,4004571,0,,3,0,7.2,NERVOUS SYSTEM,SLEEP,"Ray's Healthy Living, Valerian, Herbal Supplement, Net Wt. 1 fl oz (30ml)",,9/2/2019 0:18,12/8/2023 14:43,3,0,6.6
,,810078422174,RHL 1,VALERIAN AF 1 OZ,,RAY'S HEALTHY LIVING -,2/6 >*,,13.99,4004961,0,,3,0,7.6,NERVOUS SYSTEM,SLEEP,"Ray's Healthy Living, Valerian, Herbal Supplement, Net Wt. 1 fl oz (30ml)",,9/2/2019 0:20,6/27/2025 14:55,3,0,7
,,810078422181,RHL 1,VALERIAN AF 2 OZ,,RAY'S HEALTHY LIVING -,2/6 >*,,27.89,4004962,0,,2,0,14.1,NERVOUS SYSTEM,SLEEP,"Ray's Healthy Living, Valerian, Alcohol Free, Herbal Supplement, Net Wt. 2 fl oz (30 ml)",,9/1/2019 22:31,7/9/2026 18:10,2,0,10.8557
,,810078423300,RHL 1,SLEEP VAL MEL 1 OZ,,RAY'S HEALTHY LIVING -,2/6 >*,,13.99,4012301,0,,2,0,7.4,NERVOUS SYSTEM,SLEEP,"Ray's Healthy Living, Sleep with Valerian & Melatonin, Herbal Supplement, Net Wt. 1 fl oz (30ml)",,9/25/2019 20:34,3/29/2025 16:55,2,0,0
,,810078423393,RHL 1,ZZZZZ  AF 1 OZ,,RAY'S HEALTHY LIVING -,2/6 >*,,13.79,4006311,0,,6,0,7.2,NERVOUS SYSTEM,SLEEP,"Ray's Healthy Living, ZZZZZ, Alcohol Free, Herbal Supplement, Net Wt. 1 fl oz (30ml)",,9/27/2019 20:10,5/31/2023 12:34,6,0,4.8557
,,810078423713,RHL 1,MELATONIN 3 MG 2 OZ,,RAY'S HEALTHY LIVING -,2/6 >*,,11.99,4013002,0,,2,0,5.95,NERVOUS SYSTEM,SLEEP,"Ray's Healthy Living, Melatonin 3mg, Dietary Supplement, Net Wt. 2 fl oz (59ml)",,9/27/2019 21:47,5/1/2026 14:57,2,0,0
,,40040090,RHL 1,OREGANO SANITIZER,,,20/2<M,,4.99,,0,,0,0,0,HYGIENE,SANITIZER,"Ray's Healthy Living, Ray's Oregno Sanitizer, 2.oz",,1/15/2024 14:34,,0,0,0
,,810078423379,RHL 1,ZINC CHELATED 4 OZ,,RAY'S HEALTHY LIVING -,4/1 >*,,15.99,4021104,0,,4,0,7.35,MINERALS,ZINC,"Ray's Healthy Living, Chelated Zinc, Elderberry Echinacea, Alcohol Free, Dietary Supplement, Net Wt. 4 fl oz (118ml)",,9/7/2019 22:20,12/27/2025 16:08,4,0,4.8557
,,810078423706,RHL 1,IRON AF (BLKB VAN) 4 OZ,,RAY'S HEALTHY LIVING -,4/1 >*,,17.99,4020594,0,,1,0,7.9,MINERALS,IRON,"Ray's Healthy Living, Iron, Blackberry Vanilla, Alcohol Free, Dietary Supplement, Net Wt. 4 fl oz (118ml)",,8/7/2020 12:43,6/3/2026 13:08,1,0,0
,,810078423720,RHL 1,KID ALLER-CALM AF 1 OZ,,RAY'S HEALTHY LIVING -,4/5 >*,,14.99,4006781,0,,5,0,7,CHILDREN'S HEALTH,CHILDRENS VITAMINS,"Ray's Healthy Living, Kid's Aller-Calm, Alcohol Free, Herbal Supplement, Net Wt. 1 fl oz (30ml)",,9/27/2019 21:51,4/23/2026 13:25,5,0,0
,,810078423737,RHL 1,KIDS ATTENT PLUS AF 1 OZ,,RAY'S HEALTHY LIVING -,4/5 >*,,14.99,4006831,0,,5,0,7,CHILDREN'S HEALTH,CHILDRENS VITAMINS,"Ray's Healthy Living, Kid's Attention Plus, Alcohol Free,Herbal Supplement, Net Wt. 1 fl oz (30ml)",,6/1/2022 18:13,3/7/2026 12:43,5,0,0
,,810078423744,RHL 1,KIDS BIOTIC AF 1 OZ,,RAY'S HEALTHY LIVING -,4/5 >*,,14.99,4022491,0,,5,0,7,CHILDREN'S HEALTH,CHILDRENS VITAMINS,"Ray's Healthy Living, Kid's Biotic, Alcohol Free, Berry Flavor, Herbal Supplement, Net Wt. 1 fl oz (30ml)",,11/24/2020 18:54,12/9/2025 11:10,5,0,0
,,810078423751,RHL 1,KID BRONCHIAL AF 1 OZ,,RAY'S HEALTHY LIVING -,4/5 >*,,14.99,4006871,0,,1,0,7,CHILDREN'S HEALTH,CHILDRENS VITAMINS,"Ray's Healthy Living, Kid's Bronchial, Alcohol Free, Herbal Supplement, Net Wt. 1 fl oz (30ml)",,9/27/2019 21:58,4/23/2026 13:33,1,0,0
,,810078423768,RHL 1,KIDS D3 400 IU 1 OZ,,RAY'S HEALTHY LIVING -,4/5 >*,,9.99,4020581,0,,1,0,5.75,CHILDREN'S HEALTH,CHILDRENS VITAMINS,"Ray's Healthy Living, Kid's Ear Clear Oil, 1 fl oz (30ml)",,5/30/2022 14:58,1/17/2026 12:53,1,0,0
,,810078423775,RHL 1,KID EAR CLEAR OIL AF 1 OZ,,RAY'S HEALTHY LIVING -,4/5 >*,,14.99,4006821,0,,5,0,7.2,CHILDREN'S HEALTH,CHILDRENS VITAMINS,"Ray's Healthy Living, Kid's Ear Clear Oil, 1 fl oz (30ml)",,9/27/2019 22:07,1/24/2026 16:44,5,0,0
,,810078423782,RHL 1,KID ECHIN PLUS AF 1 OZ,,RAY'S HEALTHY LIVING -,4/5 >*,,14.99,4022481,0,,2,0,7,CHILDREN'S HEALTH,CHILDRENS VITAMINS,"Ray's Healthy Living, Kid's Echinacea Plus, Berry Flavor, Alcohol Free, Herbal Supplement, 1 fl oz (30ml)",,2/1/2020 16:01,6/16/2026 11:06,2,0,0
,,810078423799,RHL 1,KID MELLOW PLUS AF OZ,,RAY'S HEALTHY LIVING -,4/5 >*,,14.99,4006811,0,,4,0,7,CHILDREN'S HEALTH,KIDE ANXIETY,"Ray's Healthy Living, Kid's Mellow Plus, Alcohol Free, Herbal Supplement, Net Wt. 1 fl oz (30ml)",,4/6/2021 13:44,3/13/2026 11:43,4,0,0
,,810078423805,RHL 1,KID POTTY HELP  1 OZ,,RAY'S HEALTHY LIVING -,4/5 >*,,14.99,4006841,0,,6,0,7,CHILDREN'S HEALTH,CHILDRENS VITAMINS,"Ray's Healthy Living, Kid's Potty Helper, Herbal Supplement, Net Wt. 1 fl oz (30ml)",,3/4/2022 14:34,1/17/2026 12:53,6,0,0
,,810078420910,RHL 1,TRIPHALA 90 VCAP,,RAY'S HEALTHY LIVING -,5/1 >*,,19.99,4019870,0,,3,0,7.9,DIGESTION - DETOX,INTESTINAL SUPPORT,"Ray's Healthy Living, Organic Triphala, 100% Vegetarian, Herbal Supplement, 90 Veggie Caps",,1/28/2020 18:46,5/3/2024 14:33,3,0,0
,,810078420200,RHL 1,ALOE VERA PLUS 60 VCAP,,RAY'S HEALTHY LIVING -,5/2 >*,,27.99,4017330,0,,3,0,10.95,DIGESTION - DETOX,CLEANSING - COLON SUPPORT,"Ray's Healthy Living, Aloe Vera Plus, 200:1 Concentrate, 1 cap = 2 oz Fresh Juice, 100% Vegetarian, Herbal Supplement, 60 Veggie Caps",,9/21/2019 18:53,3/7/2025 18:01,3,0,0
,,810078420293,RHL 1,CASCARA SAGRADA 90 VCAP,,RAY'S HEALTHY LIVING -,5/2 >*,,19.99,4015420,0,,4,0,5.48,DIGESTION - DETOX,CLEANSING - COLON SUPPORT,"Ray's Healthy Living, Cascara Sagrada, 100% Vegetarian, Herbal Supplement, 90 Veggie Caps",,9/1/2019 3:11,5/13/2026 14:05,4,0,3.6557
,,810078420378,RHL 1,COLON CLEAN 90 VCAP,,RAY'S HEALTHY LIVING -,5/2 >*,,19.99,4017350,0,,1,0,6.98,DIGESTION - DETOX,CLEANSING - COLON SUPPORT,"Ray's Healthy Living, Colon Clean with Aged Cascara Sagrada, 100% Vegetarian, Herbal Supplement, 90 Veggie Caps",,9/1/2019 3:18,6/9/2026 12:24,-1,2,6.6557
,,810078422051,RHL 1,SLIPPERY ELM 1 OZ,,RAY'S HEALTHY LIVING -,5/2 >*,,19.99,4004511,0,,5,0,7,DIGESTION - DETOX,INTESTINAL SUPPORT,"Ray's Healthy Living, Slippery Elm, Herbal Supplement, Net Wt. 1 fl oz (30ml)",,9/2/2019 0:37,1/21/2026 16:36,5,0,6.6
,,810078422266,RHL 1,YELLOW DOCK 1 OZ,,RAY'S HEALTHY LIVING -,5/2 >*,,19.99,4004651,0,,4,0,7,DIGESTION - DETOX,DETOX - LIVER CLENSES,"Ray's Healthy Living, Yellow Dock, Herbal Supplement, Net Wt. 1 fl oz (30ml)",,9/2/2019 0:14,3/18/2026 18:43,4,0,6.15
,,810078421023,RHL 1,ARTICHOKE 1 OZ,,RAY'S HEALTHY LIVING -,5/3 >*,,19.99,4008561,0,,3,0,5.51,DIGESTION - DETOX,DIGESTIVE AID - ENZYMES,"Ray's Healthy Living, Artichoke, Herbal Supplement, Net Wt. 1 fl oz (30ml)",,8/12/2020 16:51,11/10/2025 11:37,3,0,0
,,810078421375,RHL 1,FENNEL 1 OZ,,RAY'S HEALTHY LIVING -,5/3 >*,,19.99,4004061,0,,4,0,7.35,DIGESTION - DETOX,DIGESTIVE AID - ENZYMES,"Ray's Healthy Living, Fennel, Herbal Supplement, Net Wt. 1 fl oz (30 ml)",,9/23/2019 12:46,12/24/2025 15:34,4,0,0
,,810078421436,RHL 1,GENTIAN 1 OZ,,RAY'S HEALTHY LIVING -,5/3 >*,,19.99,4004091,0,,3,0,7,DIGESTION - DETOX,DIGESTIVE AID - ENZYMES,"Ray's Healthy Living, Gentian, Herbal Supplement, Net Wt. 1 fl oz (30ml)",,4/1/2021 17:26,1/23/2023 20:43,3,0,0
,,810078421757,RHL 1,MILK THISTLE AF 1 OZ,,RAY'S HEALTHY LIVING -,5/3 >*,,13.99,4004941,0,,2,0,7,DIGESTION - DETOX,DETOX - LIVER CLENSES,"Ray's Healthy Living, Milk Thistle, Alcohol Free, Herbal Supplement, 1 fl oz (30ml)",,9/1/2019 22:11,3/22/2022 12:40,2,0,7
,,810078421887,RHL 1,OREGON GRAPE 1 OZ,,RAY'S HEALTHY LIVING -,5/3 >*,,15.79,4004351,0,,0,0,7,DIGESTION - DETOX,DIGESTIVE AID - ENZYMES,"Ray's Healthy Living, Oregon Grape Root, Herbal Supplement, Net Wt. 1 fl oz (30ml)",,6/18/2020 15:46,1/30/2026 10:38,0,0,0
,,810078421931,RHL 1,PEPPERMINT SPIRITS AF 1 OZ,,RAY'S HEALTHY LIVING -,5/3 >*,,14.99,4016431,0,,2,0,6.8,DIGESTION - DETOX,INTESTINAL SUPPORT,"Ray's Healthy Living, Peppermint Spirits with Chlorophyll, Alcohol Free, Herbal Supplement, Net Wt. 1 fl oz (30ml)",,9/1/2019 22:57,8/16/2025 9:58,2,0,6.5
,,810078422587,RHL 1,DIGEST EASE 1 OZ,,RAY'S HEALTHY LIVING -,5/3 >*,,13.99,4004721,0,,3,0,5.66,DIGESTION - DETOX,DIGESTIVE AID - ENZYMES,"Ray's Healthy Living, Digest-Ease, Herbal Supplement, Net Wt. 1 fl oz (30ml)",,9/23/2019 15:42,4/30/2026 12:41,3,0,0
,,810078422594,RHL 1,DIGEST EASE 2 OZ,,RAY'S HEALTHY LIVING -,5/3 >*,,29.99,4004722,0,,3,0,10.46,DIGESTION - DETOX,DIGESTIVE AID - ENZYMES,"Ray's Healthy Living, Digest-Ease, Herbal Supplement, Net Wt. 2 fl oz (59ml)",,7/23/2020 19:11,5/14/2026 17:55,3,0,0
,,810078422624,RHL 1,DIGEST BITTERS CIT SPRAY 1 OZ,,RAY'S HEALTHY LIVING -,5/3 >*,,19.99,4022181,0,,3,0,5.66,DIGESTION - DETOX,DIGESTIVE AID - ENZYMES,"Ray's Healthy Living, Digestive Bitters, Citrus Spray, Herbal Supplement, Net Wt. 1 fl oz (30ml)",,9/23/2019 17:47,10/30/2025 17:22,3,0,0
,,810078420101,RHL 1,LIVER DTX MLKTHST     60 LVCAP,,RAY'S HEALTHY LIVING -,5/4 >*,,33.99,4012920,0,,3,0,14.6,DIGESTION - DETOX,DETOX - LIVER CLENSES,"Ray's Healthy Living, Liver Detox with Milk Thistle 80%, 100 Vegetarian, Herbal Supplement, 60 Liquid Veggie Caps",,6/1/2024 11:38,5/3/2025 12:40,3,0,0
,,810078420415,RHL 1,DANDELION 90 VCAP,,RAY'S HEALTHY LIVING -,5/4 >*,,14.99,4015450,0,,2,0,5.89,DIGESTION - DETOX,DETOX - LIVER CLENSES,"Ray's Healthy Living, Dandelion, 100% Vegetarian, Herbal Supplement, 90 Veggie Caps",,9/1/2019 20:28,6/9/2026 12:24,2,0,6.2
,,810078420699,RHL 1,LIVER DETOX 90 VCAP,,RAY'S HEALTHY LIVING -,5/4 >*,,23.99,4017410,0,,11,0,9.8,DIGESTION - DETOX,DETOX - LIVER CLENSES,"Ray's Healthy Living, Liver Detox, 100% Vegetarian, Herbal Supplement, 90 Veggie Caps",,9/1/2019 20:54,3/14/2026 12:44,11,0,7.1557
,,810078420712,RHL 1,MILK THISTLE 90 VCAP,,RAY'S HEALTHY LIVING -,5/4 >*,,23.99,4015570,0,,2,0,10.1,DIGESTION - DETOX,DETOX - LIVER CLENSES,"Ray's Healthy Living, Milk Thistle, 80% Silymarin, Full Spectrum, 100% Vegetarian, Herbal Supplement, 90 Veggie Caps",,9/1/2019 20:56,7/1/2026 11:27,2,0,9.6
,,810078420729,RHL 1,MILK THISTLE 180 VCAP,,RAY'S HEALTHY LIVING -,5/4 >*,,34.99,4021430,0,,1,0,17.2,DIGESTION - DETOX,DETOX - LIVER CLENSES,"Ray's Healthy Living, Milk Thistle, 80% Silymarin, Full Spectrum, 100% Vegetarian, Herbal Supplement, 180 Veggie Caps",,9/1/2019 20:57,7/15/2026 16:03,1,0,14.2557
,,810078421139,RHL 1,BURDOCK 1 OZ,,RAY'S HEALTHY LIVING -,5/4 >*,,19.99,4003851,0,,1,0,5.51,DIGESTION - DETOX,INTESTINAL SUPPORT,"Ray's Healthy Living, Burdock, Herbal Supplement, Net Wt. 1 fl oz (30ml)",,9/1/2019 23:48,7/6/2026 13:27,1,0,6.3
,,810078421252,RHL 1,DANDELION 1 OZ,,RAY'S HEALTHY LIVING -,5/4 >*,,19.99,4003981,0,,3,0,5.51,DIGESTION - DETOX,DETOX - LIVER CLENSES,"Ray's Healthy Living, Dandelion, Herbal Supplement, Net Wt. 1 fl oz (30ml)",,2/24/2021 15:02,2/21/2026 17:35,3,0,0
,,810078421269,RHL 1,DANDELION AF 1 OZ,,RAY'S HEALTHY LIVING -,5/4 >*,,19.99,4002761,0,,5,0,5.85,DIGESTION - DETOX,DETOX - LIVER CLENSES,"Ray's Healthy Living, Dandelion Liquid Extract Alcohol-Free, Net Wt. 1 fl oz (30ml)",,9/2/2019 0:31,5/12/2026 17:15,5,0,6.3
,,810078421733,RHL 1,MILK THISTLE 1 OZ,,RAY'S HEALTHY LIVING -,5/4 >*,,13.99,4004271,0,,2,0,7,DIGESTION - DETOX,DETOX - LIVER CLENSES,"Ray's Healthy Living, Milk Thistle, Herbal Supplement, Net Wt. 1 fl oz (30ml)",,9/23/2019 13:12,12/27/2025 16:08,2,0,0
,,810078421764,RHL 1,MILK THISTLE AF 2 OZ,,RAY'S HEALTHY LIVING -,5/4 >*,,27.99,4004942,0,,2,0,13.7,DIGESTION - DETOX,DETOX - LIVER CLENSES,"Ray's Healthy Living, Milk Thistle, Alcohol Free, Herbal Supplement, Net Wt. 2 fl oz (59ml)",,9/1/2019 23:25,2/6/2026 18:02,2,0,13.125
,,810078422556,RHL 1,DETOXIFY 1 OZ,,RAY'S HEALTHY LIVING -,5/4 >*,,19.99,4004711,0,,2,0,5.66,DIGESTION - DETOX,DETOX - LIVER CLENSES,"Ray's Healthy Living, Detoxify, Herbal Supplement, Net Wt. 1 fl oz (30ml)",,10/22/2021 18:03,4/29/2026 17:08,2,0,4.6557
,,810078422563,RHL 1,DETOXIFY 2 OZ,,RAY'S HEALTHY LIVING -,5/4 >*,,24.99,4004712,0,,2,0,10.46,DIGESTION - DETOX,DETOX - LIVER CLENSES,"Ray's Healthy Living, Detoxify, Herbal Supplement, Net Wt. 2 fl oz (30ml)",,11/26/2021 14:35,7/15/2026 18:32,2,0,10.2557
,,810078422570,RHL 1,DETOXIFY AF 1 OZ,,RAY'S HEALTHY LIVING -,5/4 >*,,19.99,4006151,0,,3,0,5.96,DIGESTION - DETOX,DETOX,"Ray's Healthy Living, Detoxify, Alcohol Free, Herbal Supplement, 1 fl oz (30ml)",,9/15/2020 22:25,3/10/2025 16:56,3,0,5.0557
,,810078422990,RHL 1,LIVER DETOX  1 OZ,,RAY'S HEALTHY LIVING -,5/4 >*,,19.99,4004811,0,,4,0,7.2,DIGESTION - DETOX,DETOX - LIVER CLENSES,"Ray's Healthy Living, Liver Detox, Herbal Supplement, Net Wt. 1 fl oz (30ml)",,2/26/2020 17:00,4/1/2026 16:20,4,0,4.6557
,,810078423003,RHL 1,LIVER DETOX 2 OZ,,RAY'S HEALTHY LIVING -,5/4 >*,,27.99,4004812,0,,2,0,13.3,DIGESTION - DETOX,DETOX - LIVER CLENSES,"Ray's Healthy Living, Liver Detox, Herbal Supplement, Net Wt. 2 fl oz (59ml)",,9/15/2020 20:48,10/9/2024 13:59,2,0,10.2557
,,810078423027,RHL 1,LIVER DETOX AF 2 OZ,,RAY'S HEALTHY LIVING -,5/4 >*,,25.99,4006242,0,,1,0,10.96,DIGESTION - DETOX,DETOX - LIVER CLENSES,"Ray's Healthy Living, Liver Detox, Alcohol Free, Herbal Supplement, 2 fl oz (59ml)",,9/1/2019 23:20,11/11/2025 13:09,1,0,10.9557
,,810078422426,RHL 1,BE CLEAN 4 OZ,,RAY'S HEALTHY LIVING -,5/4< >*,,24.99,4009294,0,,0,0,9.11,DIGESTION - DETOX,DETOX - LIVER CLENSES,"Ray's Healthy Living, Be Clean, Herbal Supplement, 4 fl oz (118ml)",,9/23/2019 14:57,6/5/2026 18:45,0,0,0
,,810078420118,RHL 1,OREGANO OIL  60 L VCAP,,RAY'S HEALTHY LIVING -,5/5 >*,,23.99,4008381,0,,3,0,11.4,DIGESTION - DETOX,INTESTINAL SUPPORT,"Ray's Healthy Living, Oregano Oil, Carvacrol 70, 100% Vegetarian, Herbal Supplement, 60 Liquid Veggie Caps",,9/19/2019 20:54,5/13/2026 14:05,3,0,0
,,810078420125,RHL 1,OREGANOL 120 LVCAPS,,RAY'S HEALTHY LIVING -,5/5 >*,,39.99,4008392,0,,2,0,18,DIGESTION - DETOX,INTESTINAL SUPPORT,"Ray's Healthy Living, Oregano Oil, Carvacrol 70, 100% Vegetarian, Herbal Supplement, 120 Liquid Veggie Caps",,9/1/2019 3:03,5/7/2026 15:28,2,0,18
,,810078420798,RHL 1,PARACIDE 90 VCAP,,RAY'S HEALTHY LIVING -,5/5 >*,,24.99,4017430,0,,1,0,8.8,DIGESTION - DETOX,INTESTINAL SUPPORT,"Ray's Healthy Living, Paracide, 100% Vegetarian, Herbal Supplement, 90 Veggie Caps",,9/1/2019 21:08,7/1/2026 16:20,1,0,8.4
,,810078421092,RHL 1,BLACK WALNUT 1 OZ,,RAY'S HEALTHY LIVING -,5/5 >*,,19.99,4003791,0,,0,0,7.39,DIGESTION - DETOX,INTESTINAL SUPPORT,"Ray's Healthy Living, Black Walnut, Herbal Supplement, Net Wt. 1 fl oz (30ml)",,9/1/2019 23:16,7/3/2026 15:52,0,0,6.6
,,810078421191,RHL 1,CLOVE EXTRACT  1 OZ,,RAY'S HEALTHY LIVING -,5/5 >*,,19.99,4003941,0,,0,0,5.51,DIGESTION - DETOX,INTESTINAL SUPPORT,"Ray's Healthy Living, Clove Extract, Herbal Supplement, Net Wt. 1 fl oz (30ml)",,9/1/2019 23:34,6/18/2026 15:48,0,0,6.8
,,810078421726,RHL 1,MARSHMALLOW 1 OZ,,RAY'S HEALTHY LIVING -,5/5 >*,,19.99,4004261,0,,3,0,7,DIGESTION - DETOX,INTESTINAL SUPPORT,"Ray's Healthy Living, Marshmallow, Herbal Supplement, Net Wt. 1 fl oz (30ml)",,6/18/2020 15:22,3/7/2026 18:24,3,0,0
,,810078421863,RHL 1,OREGANO OIL 1 OZ,,RAY'S HEALTHY LIVING -,5/5 >*,,29.99,4005141,0,,-4,0,15.75,DIGESTION - DETOX,INTESTINAL SUPPORT,"Ray's Healthy Living, Oregano Oil, Herbal Supplement, Net Wt. 1 fl oz (30ml)",,9/1/2019 22:36,5/23/2026 13:41,-4,0,15.75
,,810078422242,RHL 1,WORMWOOD 1 OZ,,RAY'S HEALTHY LIVING -,5/5 >*,,19.99,4004631,0,,1,0,7,DIGESTION - DETOX,INTESTINAL SUPPORT,"Ray's Healthy Living, Wormwood, Herbal Supplement, Net Wt. 1 fl oz (30ml)",,9/1/2019 23:17,7/11/2026 13:23,1,0,6.6
,,810078422457,RHL 1,CHLOROPHYLL  1 OZ,,RAY'S HEALTHY LIVING -,5/5 >*,,19.99,4012991,0,,0,0,5.51,DIGESTION - DETOX,INTESTINAL SUPPORT,"Ray's Healthy Living, Chlorophyll, Herbal Supplement, Net Wt. 1 fl oz (30ml)",,9/23/2019 15:16,5/26/2026 17:08,0,0,4.1557
,,810078422464,RHL 1,CHLOROPHYLL  2 OZ,,RAY'S HEALTHY LIVING -,5/5 >*,,24.99,4012992,0,,0,0,10.16,DIGESTION - DETOX,INTESTINAL SUPPORT,"Ray's Healthy Living, Chlorophyll, Herbal Supplement, Net Wt. 2 fl oz, (59ml)",,9/1/2019 23:09,6/25/2026 15:52,0,0,9.6557
,,810078422877,RHL 1,GREEN WALNUT COMPLEX      1 OZ,,RAY'S HEALTHY LIVING -,5/5 >*,,19.99,4005251,0,,2,0,7.15,DIGESTION - DETOX,CLEANSING - COLON SUPPORT,"Ray's Healthy Living, Green Walnut Complex, Herbal Supplement, Net Wt. 1 fl oz (30ml)",,9/15/2020 22:31,7/15/2026 12:57,2,0,0
,,810078422914,RHL 1,HERP EASE 1 OZ,,RAY'S HEALTHY LIVING -,5/5 >*,,19.99,4005691,0,,3,0,7.15,DIGESTION - DETOX,INTESTINAL SUPPORT,"Ray's Healthy Living, Herp-Ease, Herbal Supplement, Net Wt. 1 fl oz (30ml)",,7/31/2020 13:29,7/8/2026 17:23,3,0,0
,,810078423157,RHL 1,PARASITE 1 OZ,,RAY'S HEALTHY LIVING -,5/5 >*,,19.99,4004851,0,,3,0,7.2,DIGESTION - DETOX,INTESTINAL SUPPORT,"Ray's Healthy Living, Parasite, Herbal Supplement, Net Wt. 1 fl oz (30ml)",,9/1/2019 23:18,7/11/2026 13:23,3,0,6.8
,,810078423164,RHL 1,PARASITE 2 OZ,,RAY'S HEALTHY LIVING -,5/5 >*,,29.99,4004852,0,,1,0,13.3,DIGESTION - DETOX,CLEANSING - COLON SUPPORT,"Ray's Healthy Living, Parasite, Herbal Supplement, Net Wt. 2 fl oz (59ml)",,9/1/2019 23:13,5/19/2026 13:37,1,0,12.4
,,788332046612,RHL 1,YERBA MANSA  1 OZ,,RAY'S HEALTHY LIVING -,5/6 >*,,19.99,4004661,0,,0,0,7.5,IMMUNE SYSTEM SUPPORT,IMMUNE SUPPORT,"Ray's Healthy Living, Yerba Mansa, Herbal Supplement, Net Wt. 1 fl oz (30ml)",,6/18/2020 15:39,,0,0,0
,,788332235306,RHL 1,D- MANNOSE 120 VCAP,,RAY'S HEALTHY LIVING -,5/6 >*,,23.99,4023530,0,,0,0,9.45,DIGESTION - DETOX,YEAST - BACTERIA - FUNGAL DETO,"Ray's Healthy Living, D-Mannose, 100% Vegetarian, Dietary Supplement, 120 Veggie Caps",,4/15/2026 19:36,,0,0,0
,,810078420392,RHL 1,CRANBERRY 90 VCAP,,RAY'S HEALTHY LIVING -,5/6 >*,,19.99,4015440,0,,3,0,6.6,DIGESTION - DETOX,YEAST - BACTERIA - FUNGAL DETO,"Ray's Healthy Living, Cranberry 37:1, %100 Vegetarian, Herbal Supplement, 90 Veggie Caps",,9/21/2019 19:32,10/7/2025 14:56,3,0,0
,,810078420408,RHL 1,CRAN D MANOS 60 VCAP,,RAY'S HEALTHY LIVING -,5/6 >*,,23.99,4021730,0,,3,0,8.66,DIGESTION - DETOX,YEAST - BACTERIA - FUNGAL DETO,"Ray's Healthy Living, Cranberry & D-Mannose, 100% Vegetarian, Dietary Supplement, 60 Veggie Caps",,9/1/2019 3:39,11/14/2025 18:33,3,0,10.5
,,810078420750,RHL 1,NEEM 90 VCAP,,RAY'S HEALTHY LIVING -,5/6 >*,,19.99,4019830,0,,3,0,7.1,DIGESTION - DETOX,YEAST - BACTERIA - FUNGAL DETO,"Ray's Healthy Living, Neem, 100% Vegetarian, Herbal Supplement, 90 Veggie Caps",,9/1/2019 21:01,4/29/2026 16:56,3,0,6.6
,,810078420774,RHL 1,OLIVE LEAF 90 VCAP,,RAY'S HEALTHY LIVING -,5/6 >*,,19.99,4015590,0,,3,0,7.5,DIGESTION - DETOX,YEAST - BACTERIA - FUNGAL DETO,"Ray's Healthy Living, Olive Leaf, 100% Vegetarian, 18% Oleuropein, Full Spectrum, Herbal Supplement, 90 Veggie Caps",,9/1/2019 21:02,7/17/2026 18:38,3,0,9.5
,,810078420804,RHL 1,PAU D'ARCO 90 VCAP,,RAY'S HEALTHY LIVING -,5/6 >*,,14.99,4019840,0,,3,0,6.6,DIGESTION - DETOX,YEAST - BACTERIA - FUNGAL DETO,"Ray's Healthy Living, Pau D'arco, 100% Vegetarian, Herbal Supplement, 90 Veggie Caps",,9/1/2019 21:12,3/21/2026 15:52,3,0,5.3
,,810078421818,RHL 1,MYRRH GUM 1 OZ,,RAY'S HEALTHY LIVING -,5/6 >*,,14.74,4004301,0,,0,0,7,DIGESTION - DETOX,YEAST - BACTERIA - FUNGAL DETO,"Ray's Healthy Living, Myrrh Gum, Herbal Supplement, 1 fl oz (30ml)",,9/1/2019 23:42,8/9/2024 17:13,0,0,6.6
,,810078421825,RHL 1,NEEM 1 OZ,,RAY'S HEALTHY LIVING -,5/6 >*,,19.99,4004311,0,,2,0,7,DIGESTION - DETOX,YEAST - BACTERIA - FUNGAL DETO,"Ray's Healthy Living, Neem, Herbal Supplement, Net Wt. 1 fl oz (30ml)",,9/1/2019 23:32,11/13/2025 17:04,2,0,6.6
,,810078421849,RHL 1,OLIVE LEAF 1 OZ,,RAY'S HEALTHY LIVING -,5/6 >*,,19.99,4006681,0,,4,0,7,DIGESTION - DETOX,YEAST - BACTERIA - FUNGAL DETO,"Ray's Healthy Living, Olive Leaf, Herbal Supplement, Net Wt. 1 fl oz, (30ml)",,9/1/2019 22:35,12/20/2025 11:26,4,0,6.6
,,810078421917,RHL 1,PAU D ARCO 1 OZ,,RAY'S HEALTHY LIVING -,5/6 >*,,19.99,4004381,0,,25,0,7,DIGESTION - DETOX,YEAST - BACTERIA - FUNGAL DETO,"Ray's Healthy Living, Pau D'arco, Herbal Supplement, 1 fl oz (30ml)",,9/2/2019 0:30,9/11/2024 13:10,25,0,6.4
,,810078422099,RHL 1,THYME 1 OZ,,RAY'S HEALTHY LIVING -,5/6 >*,,14.99,4007541,0,,23,0,7,DIGESTION - DETOX,YEAST - BACTERIA - FUNGAL DETO,"Ray's Healthy Living, Thyme, Herbal Supplement, Net Wt. 1 fl oz (30ml)",,9/2/2019 0:16,8/23/2023 15:30,23,0,4.1557
,,810078422143,RHL 1,UVA URSI 1 OZ,,RAY'S HEALTHY LIVING -,5/6 >*,,19.99,4004561,0,,3,0,7,DIGESTION - DETOX,YEAST - BACTERIA - FUNGAL DETO,"Ray's Healthy Living, Uva Ursi, Herbal Supplement, Net Wt. 1 fl oz (30ml)",,6/9/2021 20:45,7/10/2026 9:36,3,0,0
,,810078422259,RHL 1,YARROW 1 OZ,,RAY'S HEALTHY LIVING -,5/6 >*,,19.99,4004641,0,,3,0,7,DIGESTION - DETOX,INTESTINAL SUPPORT,"Ray's Healthy Living, Yarrow, Herbal Supplement, 1 fl oz (30ml)",,11/16/2020 11:57,8/14/2024 19:04,3,0,0
,,810078422440,RHL 1,YEAST BUSTER 1 OZ,,RAY'S HEALTHY LIVING -,5/6 >*,,19.99,4016501,0,,5,0,7.15,DIGESTION - DETOX,YEAST - BACTERIA - FUNGAL DETO,"Ray's Healthy Living, Yeast Buster, Herbal Supplement, Net Wt. 1 fl oz (30ml)",,11/16/2020 14:05,2/6/2026 11:54,5,0,0
,,810078422631,RHL 1,UT BALANCE 1 OZ,,RAY'S HEALTHY LIVING -,5/6 >*,,19.99,4004731,0,,3,0,7.2,DIGESTION - DETOX,YEAST - BACTERIA - FUNGAL DETO,"Ray's Healthy Living, UT Balance, Herbal Supplement, Net Wt. 1 fl oz (30ml)",,6/9/2021 21:56,1/30/2026 12:04,3,0,0
,,810078421528,RHL 1,GRAVEL ROOT 1 OZ,,RAY'S HEALTHY LIVING -,5/7 <*,,14.99,4006641,0,,0,0,7,DIGESTION - DETOX,KIDNNEY - URINARY - LYMPH SUPP,"Ray's Healthy Living, Gravel Root, Herbal Supplement, 1 fl oz (30ml)",,9/2/2019 0:01,8/9/2024 17:13,0,0,6.6
,,810078423041,RHL 1,LYMPH TONIC 1 OZ,,RAY'S HEALTHY LIVING -,5/7 >*,,19.99,4004821,0,,1,0,7.5,DIGESTION - DETOX,KIDNNEY - URINARY - LYMPH SUPP,"Ray's Healthy Living, Lymph Tonic/Lymph Complex Liquid Extract, Herbal Supplement, Net Wt. 1 fl oz (30ml)",,12/30/2022 20:15,7/6/2026 12:13,1,0,0
,,810078423058,RHL 1,LYMPH TONIC 2 OZ,,RAY'S HEALTHY LIVING -,5/7 >*,,29.99,4004822,0,,5,0,13.6,DIGESTION - DETOX,KIDNNEY - URINARY - LYMPH SUPP,"Ray's Healthy Living, Lymph Tonic/Lymph Complex Liquid Extract, Herbal Supplement, Net Wt. 2 fl oz (30ml)",,9/14/2022 16:41,7/10/2024 17:54,5,0,0
,,788332047527,RHL 1,FEM CYCLE 2 OZ,,RAY'S HEALTHY LIVING -,6/1 < ,,23.99,4004752,0,,1,0,13.3,MEN -  WOMAN HEALTH,WOMEN HEALTH,"Ray's Healthy Living, Fem-Cycle, Herbal Supplement, 2 fl oz (59ml)",,9/1/2019 23:31,3/29/2023 18:20,1,0,12.4
,,810078420323,RHL 1,CHASTE TREE  90 VCAP,,RAY'S HEALTHY LIVING -,6/1 >*,,19.99,4019750,0,,3,0,5.4,MEN -  WOMAN HEALTH,WOMEN HEALTH,"Ray's Healthy Living, Chaste Tree Powder Capsulesl, 100% Vegetarian, Herbal Supplement, 90 Veggie Caps",,5/12/2025 11:35,,3,0,0
,,810078420422,RHL 1,DONG QUAI 90 VCAP,,RAY'S HEALTHY LIVING -,6/1 >*,,14.99,4019770,0,,1,0,6.9,MEN -  WOMAN HEALTH,GLANDULAR SUPPORT,"Ray's Healthy Living, Don Quai, 100% Vegetarian, Herbal Supplement, 90 Veggie Caps",,9/1/2019 20:29,3/17/2026 17:44,1,0,7.4
,,810078421085,RHL 1,BLACK COHOSH 1 OZ,,RAY'S HEALTHY LIVING -,6/1 >*,,13.99,4003771,0,,2,0,5.51,MEN -  WOMAN HEALTH,GLANDULAR SUPPORT,"Ray's Healthy Living, Black Cohosh, Herbal Supplement, Net Wt. 1 fl oz (30 ml)",,9/1/2019 23:28,7/18/2026 15:11,2,0,6.6
,,810078421115,RHL 1,BLUE COHOSH 1 OZ,,RAY'S HEALTHY LIVING -,6/1 >*,,13.99,4003801,0,,2,0,5.51,MEN -  WOMAN HEALTH,GLANDULAR SUPPORT,"Ray's Healthy Living, Blue Cohosh, Herbal Supplement, Net Wt. 1 fl oz (30ml)",,9/1/2019 23:27,4/21/2026 16:41,2,0,6.6
,,810078421184,RHL 1,CHASTE TREE 1 OZ,,RAY'S HEALTHY LIVING -,6/1 >*,,12.99,4003931,0,,3,0,5.51,MEN -  WOMAN HEALTH,WOMEN HEALTH,"Ray's Healthy Living, Chaste Tree, Herbal Supplement, Net Wt. 1 fl oz (30ml)",,9/2/2019 0:41,8/19/2025 18:36,3,0,0
,,810078421238,RHL 1,CRAMP BARK 1 OZ,,RAY'S HEALTHY LIVING -,6/1 >*,,13.99,4003961,0,,0,0,5.93,MEN -  WOMAN HEALTH,WOMEN HEALTH,"Ray's Healthy Living, Cramp Bark, Herbal Supplement, 1 fl oz (30ml)",,9/23/2019 12:34,9/27/2025 12:18,0,0,0
,,810078421283,RHL 1,DONG QUAI 1 OZ,,RAY'S HEALTHY LIVING -,6/1 >*,,13.99,4004011,0,,3,0,5.51,MEN -  WOMAN HEALTH,GLANDULAR SUPPORT,"Ray's Healthy Living, Dong Quai, Herbal Supplement, Net Wt. 1 fl oz (30ml)",,9/2/2019 0:25,3/4/2025 18:04,3,0,6.8
,,810078421979,RHL 1,RED CLOVER 1 OZ,,RAY'S HEALTHY LIVING -,6/1 >*,,13.99,4004431,0,,7,0,7,MEN -  WOMAN HEALTH,WOMEN HEALTH,"Ray's Healthy Living, Red Clover, Herbal Supplement, Net Wt. 1 fl oz (30ml)",,9/2/2019 0:37,3/25/2025 11:44,7,0,6.6
,,810078421986,RHL 1,RED RASBERRY 1 OZ,,RAY'S HEALTHY LIVING -,6/1 >*,,11.99,4004441,0,,5,0,7,MEN -  WOMAN HEALTH,WOMEN HEALTH,"Ray's Healthy Living, Red Raspberry Herbal Supplement, Net Wt. 1 fl oz (30ml)",,9/23/2019 13:25,4/3/2024 15:38,5,0,0
,,810078422235,RHL 1,WILD YAM 1 OZ,,RAY'S HEALTHY LIVING -,6/1 >*,,13.99,4004621,0,,2,0,7,MEN -  WOMAN HEALTH,WOMEN HEALTH,"Ray's Healthy Living, Wild Yam, Herbal Supplement, Net Wt. 1 fl oz (30ml)",,6/9/2021 21:08,5/30/2026 15:28,2,0,0
,,810078422693,RHL 1,FEM CYCLE 1 OZ,,RAY'S HEALTHY LIVING -,6/1 >*,,13.99,4004751,0,,5,0,7.2,MEN -  WOMAN HEALTH,WOMEN HEALTH,"Ray's Healthy Living, Fem-Cycle, Herbal Supplement, 1 fl oz (30ml)",,9/23/2019 18:26,3/21/2025 15:43,5,0,0
,,810078422723,RHL 1,FEM SILVER AF 1 OZ,,RAY'S HEALTHY LIVING -,6/1 >*,,12.99,4006211,0,,0,0,7.2,HORMONAL HEALTH,WOMENS HEALTH,"Ray's Healthy Living, Fem-Silver, Alcohol Free, Herbal Supplement, Net Wt. 1 fl oz (30ml)",,2/24/2021 14:27,2/3/2025 16:19,0,0,0
,,810078422730,RHL 1,FERTILITY-PREG AF 1 OZ,,RAY'S HEALTHY LIVING -,6/1 >*,,14.99,4006701,0,,2,0,7.2,MEN -  WOMAN HEALTH,WOMEN HEALTH,"Ray's Healthy Living, Fertility-Preg, Alcohol Free, Herbal Supplement, Net Wt. 1 fl oz (30ml)",,4/7/2021 13:48,9/27/2025 12:18,2,0,0
,,810078423355,RHL 1,WOMAN ENERGY 1 OZ,,RAY'S HEALTHY LIVING -,6/1 >*,,19.99,4006751,0,,3,0,7.2,MEN -  WOMAN HEALTH,WOMEN HEALTH,"Ray's Healthy Living, Woman's Energy Balance, Herbal Supplement, Net Wt. 1 fl oz (30ml)",,9/27/2019 20:04,9/8/2025 16:55,3,0,0
,,810078420705,RHL 1,MACA 90 VCAP,,RAY'S HEALTHY LIVING -,6/2 >*,,23.99,4019820,0,,0,0,10.5,MEN -  WOMAN HEALTH,GLANDULAR SUPPORT,"Ray's Healthy Living, Maca, 100% Vegetarian, Herbal Supplement, 90 Veggie Caps",,9/1/2019 20:55,7/14/2026 9:52,0,0,8.3557
,,810078421245,RHL 1,DAMIANA 1 OZ,,RAY'S HEALTHY LIVING -,6/2 >*,,13.99,4003971,0,,2,0,5.51,MEN -  WOMAN HEALTH,GLANDULAR SUPPORT,"Ray's Healthy Living, Damiana, Herbal Supplement, Net Wt. 1 fl oz (30ml)",,7/31/2020 13:04,11/3/2025 16:12,2,0,0
,,810078421702,RHL 1,MACA 1 OZ,,RAY'S HEALTHY LIVING -,6/2 >*,,15.99,4007471,0,,4,0,7.35,MEN -  WOMAN HEALTH,HORMONAL HEALTH,"Ray's Healthy Living, Maca, Herbal Supplement, Net Wt. 1 fl oz (30ml)",,9/1/2019 23:02,7/15/2026 11:41,4,0,6.7
,,810078421719,RHL 1,MACA 2 OZ,,RAY'S HEALTHY LIVING -,6/2 >*,,29.99,4007472,0,,1,0,13.55,MEN -  WOMAN HEALTH,HORMONAL HEALTH,"Ray's Healthy Living, Maca, Herbal Supplement, Net Wt. 2 fl oz (59ml)",,9/1/2019 23:05,6/16/2026 11:06,1,0,12.4
,,810078421795,RHL 1,MURIA PUAMA 1 OZ,,RAY'S HEALTHY LIVING -,6/2 >*,,13.99,4007721,0,,0,0,7,MEN -  WOMAN HEALTH,GLANDULAR SUPPORT,"Ray's Healthy Living, Muira Puama Liquid Extract, Herbal Supplement, Net Wt. 1 fl oz (30ml)",,12/30/2022 17:48,4/17/2026 17:44,0,0,0
,,810078420880,RHL 1,STAMINA 90 VCAP,,RAY'S HEALTHY LIVING -,6/3 <>*,,29.99,4021770,0,,5,0,7.13,MEN -  WOMAN HEALTH,MEN AND WOMEN GLANDULAR SUPPOR,"Ray's Healthy Living, Stamina, 100% Vegetarian, Herbal Supplement, 90 Veggie Caps",,6/18/2020 18:15,6/4/2026 18:02,5,0,4.6057
,,810078420132,RHL 1,SAW PALM 60 LVCAP,,RAY'S HEALTHY LIVING -,6/3 >*,,27.99,4021050,0,,2,0,13,MEN -  WOMAN HEALTH,GLANDULAR SUPPORT,"Ray's Healthy Living, Saw Palmetto, 100% Vegetarian, Herbal Supplement, 60 Liquid Veggie Caps",,9/1/2019 3:05,2/6/2026 11:54,2,0,11
,,810078422020,RHL 1,SAW PALMETTO 1 OZ,,RAY'S HEALTHY LIVING -,6/3 >*,,16.99,4004481,0,,3,0,7.35,MEN -  WOMAN HEALTH,GLANDULAR SUPPORT,"Ray's Healthy Living, Saw Palmetto, Herbal Supplement, Net Wt. 1 fl oz (30ml)",,9/1/2019 22:32,5/20/2026 16:22,3,0,6.6
,,810078422297,RHL 1,YOHIMBE 1 OZ,,RAY'S HEALTHY LIVING -,6/3 >*,,16.99,4004681,0,,5,0,7.4,MEN -  WOMAN HEALTH,MEN & WOMEN hEALTH,"Ray's Healthy Living, Yohimbe, Herbal Supplement, Net Wt. 1 fl oz (30ml)",,9/23/2019 13:39,7/5/2024 16:04,5,0,0
,,810078423065,RHL 1,MALE VIRILITY 1 OZ,,RAY'S HEALTHY LIVING -,6/3 >*,,19.99,4016511,0,,4,0,7.5,MEN -  WOMAN HEALTH,MEN'S HEALTH,"Ray's Healthy Living, Male Virility Liquid Extract, Herbal Supplement, Net Wt. 1 fl oz (30ml)",,12/30/2022 16:02,7/18/2026 11:47,4,0,0
,,810078423072,RHL 1,MENS SILVER 1 OZ,,RAY'S HEALTHY LIVING -,6/3 >*,,14.99,4004831,0,,4,0,7.15,MEN -  WOMAN HEALTH,MEN AND WOMEN GLANDULAR SUPPOR,"Ray's Healthy Living, Men's Silver, Herbal Supplement, Net Wt. 1 fl oz (30ml)",,12/12/2022 15:33,1/25/2025 15:59,4,0,0
,,788332210907,RHL 1,ADRENAL RX 180 VCAP,,RAY'S HEALTHY LIVING -,6/4 >*,,34.99,4021090,0,,2,0,16.05,MEN -  WOMAN HEALTH,ADRENAL SUPPORT,"Ray's Healthy Living, Adrenal Rx, 100% Vegetarian, Herbal Supplement, 180 Veggie Caps",,5/12/2021 14:26,7/14/2026 9:52,2,0,0
,,810078420187,RHL 1,ADRENAL RX 90 VCAP,,RAY'S HEALTHY LIVING -,6/4 >*,,23.99,4017320,0,,3,0,9.53,MEN -  WOMAN HEALTH,ADRENAL SUPPORT,"Ray's Healthy Living, Adrenal Rx, 100% Vegetarian, Herbal Supplement, 90 Veggie Caps",,12/14/2019 17:36,5/14/2026 14:09,3,0,12.3
,,810078420675,RHL 1,KELP 90 VCAP,,RAY'S HEALTHY LIVING -,6/4 >*,,13.99,4019810,0,,4,0,6,MEN -  WOMAN HEALTH,GLANDULAR SUPPORT,"Ray's Healthy Living, Kelp, 100% Vegetarian, Herbal Supplement, 90 Veggie Caps",,9/1/2019 20:53,5/29/2026 11:41,4,0,5.5
,,810078420903,RHL 1,THYROID 90 VCAP,,RAY'S HEALTHY LIVING -,6/4 >*,,21.99,4017450,0,,2,0,9.8,MEN -  WOMAN HEALTH,GLANDULAR SUPPORT,"Ray's Healthy Living, Thyroid, 100% Vegetarian, Herbal Supplement, 90 Veggie Caps",,9/1/2019 21:18,6/4/2026 18:02,2,0,-2.1443
,,810078421511,RHL 1,GOTU KOLA 1 OZ,,RAY'S HEALTHY LIVING -,6/4 >*,,13.99,4004161,0,,3,0,7,MEN -  WOMAN HEALTH,ADRENAL SUPPORT,"Ray's Healthy Living, Gotu Kola, Herbal Supplement, Net Wt. 1 fl oz (30ml)",,9/23/2019 13:02,11/3/2025 16:07,3,0,0
,,810078422365,RHL 1,ADRENAL RX 1 OZ,,RAY'S HEALTHY LIVING -,6/4 >*,,14.99,4022821,0,,4,0,6.19,MEN -  WOMAN HEALTH,ADRENAL SUPPORT,"Ray's Healthy Living, Adrenal Rx, Herbal Supplement, Net Wt. 1 fl oz (30ml)",,11/16/2020 14:24,2/13/2026 12:11,4,0,0
,,810078423676,RHL 1,LIQUID IODINE 2 OZ,,RAY'S HEALTHY LIVING -,6/4 >*,,14.99,4017652,0,,1,0,5.15,MEN -  WOMAN HEALTH,GLANDULAR SUPPORT,"Ray's Healthy Living, Liquid Iodine, Dietary Supplement, Net Wt. 2 fl oz (59ml)",,9/27/2019 21:24,6/15/2026 18:30,1,0,0
,,810078423683,RHL 1,IODINE KELP 2 OZ,,RAY'S HEALTHY LIVING -,6/4 >*,,19.99,4016692,0,,0,0,5.3,MEN -  WOMAN HEALTH,THYROID SUPPORT,"Ray's Healthy Living, Iodine with Kelp, Dietary Supplement, Net Wt. 2 fl oz (59ml)",,9/1/2019 21:56,5/29/2026 11:41,0,0,4.9
,,810078421566,RHL 1,HOODIA AF 1 OZ,,RAY'S HEALTHY LIVING -,6/5 <,,19.99,4011781,0,,0,0,8,SUPERFOOD,SEA MOSS,"Ray's Healthy Living, Hoodia, True South African, Alcohol Free, Herbal Supplement, Net Wt. 1 fl oz (30ml)",,7/31/2020 13:36,5/18/2022 17:34,0,0,0
,,810078420569,RHL 1,GREEN COFEE BEAN 90 VCAP,,RAY'S HEALTHY LIVING -,6/5 >*,,19.99,4019790,0,,3,0,9.9,MEN -  WOMAN HEALTH,WEIGHT MANAGEMENT,"Ray's Healthy Living, Green Coffee Bean, Standardized, 100 % Vegetarian, Herbal Supplement, 60 Veggie Caps",,9/15/2020 22:39,1/30/2025 10:17,3,0,0
,,810078420576,RHL 1,GREEN TEA 90 VCAP,,RAY'S HEALTHY LIVING -,6/5 >*,,19.99,4015530,0,,3,0,10.4,MEN -  WOMAN HEALTH,WEIGHT MANAGEMENT,"Ray's Healthy Living, Green Tea, 50% EGCC, Full Spectrum, 100% Vegetarian, Herbal Supplement, 90 Veggie Caps",,9/23/2019 8:24,3/27/2025 15:39,3,0,0
,,810078422846,RHL 1,GREEN TEA 1 OZ,,RAY'S HEALTHY LIVING -,6/5 >*,,13.89,4007791,0,,0,0,7.2,MEN -  WOMAN HEALTH,WEIGHT MANAGEMENT,"Ray's Healthy Living, Green Tea, Herbal Supplement, Net Wt. 1 fl oz (30ml)",,9/23/2019 19:05,6/20/2026 14:48,0,0,0
,,810078423362,RHL 1,YIN CHIAO PLUS 1 OZ,,RAY'S HEALTHY LIVING -,7/ 5 >*,,14.99,4005601,0,,3,0,7.2,IMMUNE SYSTEM SUPPORT,IMMUNE SUPPORT,"Ray's Healthy Living, Zin Chiao Plus, Herbal Supplement, 1 fl oz (30 ml)",,2/26/2020 17:46,6/18/2026 11:09,3,0,0
,,810078423188,RHL 1,REISHI ELEU MAST 1 OZ,,RAY'S HEALTHY LIVING -,7/1 <,,19.99,4007811,0,,0,0,7.15,NERVOUS SYSTEM,STRESS ANXIETY SUPPORT,"Ray's Healthy Living, Reishi Eleuthero Master, Herbal Supplement, Net Wt. 1 fl oz (30ml)",,6/30/2020 14:44,2/23/2026 14:56,0,0,0
,,788332227608,RHL 1,CHAGA 60 VCAP,,RAY'S HEALTHY LIVING -,7/1 >*,,19.99,4022760,0,,0,0,7.39,CARDIOVASCULAR SUPPORT,HEART SUPPORT,"Ray's Healthy Living, Chaga 100% Vegetarian, Herbal Supplement, 90 Veggie Caps",,4/15/2026 16:26,,0,0,0
,,810078420286,RHL 1,BRAIN MUSH 60 VCAP,,RAY'S HEALTHY LIVING -,7/1 >*,,19.99,4022780,0,,4,0,7.05,IMMUNE SYSTEM SUPPORT,MUSHROOM,"Ray's Healthy Living, Brain Mushroom Support, Made with Organic Mushrooms, Herbal Supplement, 60 Veggie Caps",,7/3/2020 14:24,10/21/2025 13:46,4,0,0
,,810078420385,RHL 1,CORDYCEPS 60 VCAP,,RAY'S HEALTHY LIVING -,7/1 >*,,24.99,4021540,0,,2,0,6.75,IMMUNE SYSTEM SUPPORT,MUSHROOM,"Ray's Healthy Living, Cordyceps, Organic Mushroom, 100% Vegetarian, Herbal Supplement, 60 Veggie Caps",,9/1/2019 3:20,7/17/2026 12:16,2,0,7.5
,,810078420682,RHL 1,LIONS MANE 60 VCAP,,RAY'S HEALTHY LIVING -,7/1 >*,,19.99,4022750,0,,0,0,8.95,IMMUNE SYSTEM SUPPORT,MUSHROOM,"Ray's Healthy Living, Lion's Mane, Organic Mushroom, Herbal Supplements, 60 Veggie Caps.",,12/3/2024 18:35,11/21/2025 16:10,0,0,0
,,810078420828,RHL 1,REISHI 60 VCAP,,RAY'S HEALTHY LIVING -,7/1 >*,,19.99,4022730,0,,3,0,8.95,IMMUNE SYSTEM SUPPORT,MUSHROOM,"Ray's Healthy Living, Reishi, Made with Organic Mushroom, Herbal Supplement, 60 Veggie Caps",,11/16/2020 15:04,3/28/2026 16:43,3,0,0
,,810078420842,RHL 1,SERENE MUSROOM 60 VCAP,,RAY'S HEALTHY LIVING -,7/1 >*,,19.99,4022800,0,,9,0,8.95,IMMUNE SYSTEM SUPPORT,MUSHROOM,"Ray's Healthy Living, Serene Mushroom Support, 100% Vegetarian, Herbal Supplement, 60 Veggie Caps

788332228001",,8/17/2020 21:05,7/24/2024 14:29,9,0,0
,,810078420897,RHL 1,STRESS MUSH  60 VCAP,,RAY'S HEALTHY LIVING -,7/1 >*,,19.99,4022790,0,,5,0,8.95,IMMUNE SYSTEM SUPPORT,MUSHROOM,"Ray's Healthy Living, Stress Mushroom Support, Made with Organic Mushrooms, Herbal Supplement, 60 Veggie Caps",,12/1/2020 17:43,12/14/2024 16:41,5,0,-2.1443
,,810078421207,RHL 1,COLLOIDAL  SILVER 2 OZ,,RAY'S HEALTHY LIVING -,7/1 >*,,19.99,4011212,0,,3,0,6.38,IMMUNE SYSTEM SUPPORT,IMMUNE ANTIOXIDANT SUPPORT,"Ray's Healthy Living, Colloidal Silver, Colloidal Silver Solution 15 PPM, Dietary Supplement, 2 fl oz (59ml)",,9/7/2019 21:03,3/6/2026 9:45,3,0,8.5
,,810078421214,RHL 1,COLLOIDAL SILVER  4 OZ,,RAY'S HEALTHY LIVING -,7/1 >*,,29.99,4011214,0,,2,0,11.81,IMMUNE SYSTEM SUPPORT,IMMUNE SUPPORT,"Ray's Healthy Living, Colloidal Silver, Colloidal Silver Solution 15 PPM, Dietary Supplement, 4 fl oz (118ml)",,12/29/2020 15:32,7/9/2026 13:25,2,0,0
,,810078421993,RHL 1,REISHI MUSHROOM 1 OZ,,RAY'S HEALTHY LIVING -,7/1 >*,,19.99,4004461,0,,6,0,7.9,IMMUNE SYSTEM SUPPORT,MUSHROOM,"Ray's Healthy Living, Reishi Mushroom, Herbal Supplement, Net Wt. 1 fl oz (30ml)

788332044618",894034935748,9/1/2019 22:37,7/2/2026 16:48,6,0,7.5
,,810078422488,RHL 1,COLLOIDAL SILV PLUS 1 OZ,,RAY'S HEALTHY LIVING -,7/1 >*,,14.99,4008951,0,,3,0,4.58,IMMUNE SYSTEM SUPPORT,IMMUNE ANTIOXIDANT SUPPORT,"Ray's Healthy Living, Colloidal Silver Plus Oral Drops, Bio Protectant, Dietary Supplement, 1 fl oz (30 ml)",,9/8/2022 17:47,7/17/2026 11:29,3,0,0
,,810078422495,RHL 1,COLLOIDAL SILV PLUS 2 OZ,,RAY'S HEALTHY LIVING -,7/1 >*,,24.99,4008952,0,,2,0,8.48,IMMUNE SYSTEM SUPPORT,IMMUNE SUPPORT,"Ray's Healthy Living, Colloidal Silver Plus, Bio Protectant, Dietary Supplement, 2 fl oz (59ml)",,9/1/2019 21:53,7/14/2026 11:28,2,0,9.1557
,,810078423126,RHL 1,MUSHROOM MASTER 1 OZ,,RAY'S HEALTHY LIVING -,7/1 >*,,19.99,4004841,0,,6,0,8,IMMUNE SYSTEM SUPPORT,MUSHROOM,"Ray's Healthy Living, Mushroom Master, Herbal Supplement, Net Wt. 1 fl oz (30ml)",,6/18/2020 15:49,7/15/2025 10:22,6,0,0
,,788332166815,RHL 1,IMMUNO WELL RX 1 OZ,,RAY'S HEALTHY LIVING -,7/2 >*,,14.99,4016681,0,,1,0,5.78,IMMUNE SYSTEM SUPPORT,IMMUNE SUPPORT,"Ray's Healthy Living, Immuno Well Rx, 100% vegetarian, Herbal Supplement, 1 OZ",,4/17/2026 17:11,,1,0,0
,,810078420620,RHL 1,IMMUNO WELL RX 90 VCAP,,RAY'S HEALTHY LIVING -,7/2 >*,,19.89,4017380,0,,0,0,9.8,IMMUNE SYSTEM SUPPORT,IMMUNE SUPPORT,"Ray's Healthy Living, Immuno Well Rx, 100% vegetarian, Herbal Supplement, 90 Veggie Caps",,6/19/2020 11:56,11/11/2025 14:25,0,0,0
,,810078420743,RHL 1,MUSHROOM IMMUNE 90 VCAP,,RAY'S HEALTHY LIVING -,7/2 >*,,29.99,4020000,0,,2,0,13.5,IMMUNE SYSTEM SUPPORT,MUSHROOM,"Ray's Healthy Living, Mushroom Immune, Made with Organic Mushroom, Herbal Supplements, 90 Veggie Caps",,9/1/2019 20:59,7/26/2025 16:21,2,0,15.8557
,,810078420781,RHL 1,OREGANO SUPREME 90 VCAP,,RAY'S HEALTHY LIVING -,7/2 >*,,23.99,4017420,0,,5,0,8.1,IMMUNE SYSTEM SUPPORT,IMMUNE SUPPORT,"Ray's Healthy Living, Oregano Supreme, 100% Vegetarian, Herbal Supplement, 90 Veggie Caps",,9/23/2019 10:50,3/20/2026 13:05,5,0,5.9557
,,810078421962,RHL 1,PROPOLIS 1 OZ,,RAY'S HEALTHY LIVING -,7/2 >*,,19.99,4004411,0,,0,0,8.8,LIQUID HERBS A - Z,LIQUID SUPPLEMENT,"Ray's Healthy Living, Propolis, Herbal Supplement, Net Wt. 1 fl oz (30ml)",,4/1/2021 17:11,,0,0,0
,,810078422334,RHL 1,ACAI SUPER BERRY 1 OZ,,RAY'S HEALTHY LIVING -,7/2 >*,,14.99,4016461,0,,5,0,6.15,IMMUNE SYSTEM SUPPORT,IMMUNE SUPPORT,"Ray's Healthy Living, Acai Super Berry, Antioxidant, Herbal Supplement, 1 fl oz (30ml)",,6/18/2020 15:34,6/16/2025 17:03,5,0,0
,,810078422945,RHL 1,IMMUNO TONIC AF 1 OZ,,RAY'S HEALTHY LIVING -,7/2 >*,,19.99,4006231,0,,1,0,7.6,IMMUNE SYSTEM SUPPORT,RESPIRATORY HERBS/BRONCHIAL SU,"Ray's Healthy Living, Immuno-Tonic, Alcohol Free, Herbal Supplement. Net Wt. 1 fl oz (30ml)",,6/18/2020 15:27,9/13/2025 15:42,1,0,0
,,810078423119,RHL 1,MUSHOOM IMMUNE 2 OZ,,RAY'S HEALTHY LIVING -,7/2 >*,,23.99,4019992,0,,1,0,11.25,IMMUNE SYSTEM SUPPORT,MUSHROOM,"Ray's Healthy Living, Organic Mushroom Immune, Herbal Supplement, Net Wt. 2 fl oz (59ml)",,9/1/2019 23:15,11/3/2025 14:25,1,0,14
,,810078420026,RHL 1,BLACK SEED OIL 90 LQ VCAP,,RAY'S HEALTHY LIVING -,7/3 >*,,24.99,4022650,0,,1,0,8.78,IMMUNE SYSTEM SUPPORT,BLACK SEED,"Ray's Healthy Living, Black Cumin Seed Oil, 100% Vegetarian, Herbal Supplement, 90 Liquid Veggie Caps,",,7/31/2020 12:19,7/21/2026 13:24,1,0,7.8557
,,810078423829,RHL 1,BLACK SEED OIL 4 OZ,,RAY'S HEALTHY LIVING -,7/3 >*,,23.99,4022454,0,,3,0,9,IMMUNE SYSTEM SUPPORT,BLACK SEED,"Ray's Healthy Living, Organic Black Cumin Seed Oil, USDA Organic, Herbal Supplement, Net Wt. 4 fl oz (118ml)",,9/7/2019 22:32,7/14/2026 16:17,3,0,11.5
,,810078423836,RHL 1,BLACK SEED OIL 8 OZ,,RAY'S HEALTHY LIVING -,7/3 >*,,37.99,4022455,0,,3,0,15.19,IMMUNE SYSTEM SUPPORT,BLACK SEED,"Ray's Healthy Living, Organic Black Cumin Seed Oil, Herbal Supplement, Net Wt. 8 Fl Oz, (237 ml)",,9/7/2019 22:33,3/20/2026 10:48,3,0,19.5
,,810078420064,RHL 1,ECHINA GOLD 60 L-VCAP,,RAY'S HEALTHY LIVING -,7/4 >*,,27.99,4012900,0,,3,0,14.25,IMMUNE SYSTEM SUPPORT,IMMUNE SUPPORT,"Ray's Healthy Living, Echinacea Goldenseal, 100% Vegetarian, Herbal Supplement, 60 Liquid Veggie Caps",,9/20/2019 19:23,2/3/2026 10:05,3,0,11.8557
,,810078420439,RHL 1,ECHINACEA 90 VCAP,,RAY'S HEALTHY LIVING -,7/4 >*,,19.99,4015460,0,,0,0,7.24,IMMUNE SYSTEM SUPPORT,IMMUNE SUPPORT,"Ray's Healthy Living, Echinacea, 100% Vegetarian, Herbal Supplement, 90 Veggie Caps",,9/1/2019 20:32,10/13/2025 13:30,0,0,9.2
,,810078420446,RHL 1,ECHINA GOLDEN 90 VCAP,,RAY'S HEALTHY LIVING -,7/4 >*,,23.99,4015470,0,,3,0,10.88,IMMUNE SYSTEM SUPPORT,IMMUNE SUPPORT,"Ray's Healthy Living, Echinacea Goldenseal, 100% Vegetarian, Herbal Supplement, 90 Veggie Caps",,9/1/2019 20:33,5/19/2026 13:09,3,0,7.2557
,,810078420460,RHL 1,ELDERBERRY PLUS 90 VCAP,,RAY'S HEALTHY LIVING -,7/4 >*,,19.99,4017360,0,,0,0,7.35,IMMUNE SYSTEM SUPPORT,IMMUNE SUPPORT,"Ray's Healthy Living, Elderberry Plus, Sambucus Fruit And Flower, 100 % Vegetarian, Herbal Supplement, 90 Veggie Caps",,9/21/2019 19:40,1/8/2026 17:30,0,0,0
,,810078420545,RHL 1,GOLDENSEAL 60 VCAP,,RAY'S HEALTHY LIVING -,7/4 >*,,19.99,4015520,0,,3,0,11,IMMUNE SYSTEM SUPPORT,IMMUNE SUPPORT,"Ray's Healthy Living, Goldenseal, 100% Vegetarian, Herbal Supplement, 60 Veggie Capsules",,9/1/2019 20:45,9/9/2024 15:35,3,0,10
,,810078421290,RHL 1,ECHINACEA  AF 1 OZ,,RAY'S HEALTHY LIVING -,7/4 >*,,14.99,4004911,0,,3,0,5.96,IMMUNE SYSTEM SUPPORT,IMMUNE SUPPORT,"Ray's Healthy Living, Echinacea, Alcohol Free, Herbal Supplement, Net Wt. 1 fl oz (30ml)",,9/1/2019 22:12,10/23/2023 14:48,3,0,7.1
,,810078421313,RHL 1,ECHINACEA 1 OZ,,RAY'S HEALTHY LIVING -,7/4 >*,,13.99,4004021,0,,4,0,5.66,IMMUNE SYSTEM SUPPORT,IMMUNE SUPPORT,"Ray's Healthy Living, Echinacea, Herbal Supplement, Net Wt. 1 fl oz (30ml)",,9/1/2019 22:43,10/10/2025 10:14,4,0,6.7
,,810078421320,RHL 1,ECHINACEA 2 OZ,,RAY'S HEALTHY LIVING -,7/4 >*,,23.99,4004022,0,,3,0,10.46,IMMUNE SYSTEM SUPPORT,IMMUNE SUPPORT,"Ray's Healthy Living, Echinacea, Herbal Supplement, Net Wt. 2 fl oz (59ml)

788332040221",,9/1/2019 22:05,1/6/2024 11:35,3,0,12.4
,,810078421498,RHL 1,GOLDENSEAL 1 OZ,,RAY'S HEALTHY LIVING -,7/4 >*,,23.99,4004151,0,,3,0,9,IMMUNE SYSTEM SUPPORT,IMMUNE SUPPORT,"Ray's Healthy Living, Goldenseal, Herbal Supplement, Net Wt. 1 fl oz (30ml)


810078421498

788332041518",,9/1/2019 23:56,7/10/2026 15:36,3,0,7.9
,,810078421504,RHL 1,GOLDENSEAL 2 OZ,,RAY'S HEALTHY LIVING -,7/4 >*,,43.99,4004152,0,,1,0,18.95,IMMUNE SYSTEM SUPPORT,IMMUNE SUPPORT,"Ray's Healthy Living, Goldenseal, Herbal Supplement, Net Wt. 2 oz (59ml)",,7/31/2020 17:10,5/21/2026 12:26,1,0,0
,,810078422303,RHL 1,ECHINACEA - 3      1 OZ,,RAY'S HEALTHY LIVING -,7/4 >*,,13.99,4004891,0,,2,0,5.66,IMMUNE SYSTEM SUPPORT,IMMUNE SUPPORT,"Ray's Healthy Living, 3 Echinacea, Herbal Supplement, Net Wt. 1 fl oz (30ml)",,9/1/2019 22:38,4/1/2026 14:53,2,0,6.6
,,810078422655,RHL 1,ECHINA GOLDEN 1 OZ,,RAY'S HEALTHY LIVING -,7/4 >*,,14.99,4004741,0,,3,0,6,IMMUNE SYSTEM SUPPORT,IMMUNE SUPPORT,"Ray's Healthy Living, Echinacea Goldenseal Complex , Herbal Supplement, Net Wt. 1 fl oz (30ml)",,9/1/2019 22:47,9/12/2025 16:45,3,0,6.8
,,810078422662,RHL 1,ECHINA GOLDEN 2 OZ,,RAY'S HEALTHY LIVING -,7/4 >*,,24.99,4004742,0,,1,0,10.91,IMMUNE SYSTEM SUPPORT,IMMUNE SUPPORT,"Ray's Healthy Living, Echinacea Goldenseal Complex , Herbal Supplement, Net Wt. 2 fl oz (59ml)",,9/1/2019 22:08,6/16/2026 11:26,1,0,12.4
,,810078422679,RHL 1,ECHINAC GOLDSEAL AF 1 OZ,,RAY'S HEALTHY LIVING -,7/4 >*,,13.99,4006181,0,,-3,0,6.3,IMMUNE SYSTEM SUPPORT,IMMUNE SUPPORT,"Ray's Healthy Living, Echinacea Goldenseal Complex, Alcohol Free, Herbal Supplement, 1 fl oz",,9/1/2019 22:45,12/27/2025 13:24,-3,0,7.2
,,810078423256,RHL 1,SAM ELDERBERRY SYRUP AF 4 OZ,,RAY'S HEALTHY LIVING -,7/4 >*,,19.99,4017524,0,,0,0,7.09,IMMUNE SYSTEM SUPPORT,IMMUNE SUPPORT,"Ray, Healthy Living, Sambucus Elderberry Syrup, Alcohol Free, 4 OZ",,2/26/2020 16:16,5/11/2026 17:01,0,0,0
,,810078421696,RHL 1,LOMATIUM 1 OZ,,RAY'S HEALTHY LIVING -,7/5 >*,,14.99,4004251,0,,3,0,7.2,IMMUNE SYSTEM SUPPORT,RESPIRATORY HERBS/BRONCHIAL SU,"Ray's Healthy Living, Lomatium Liquid Extract, Herbal Supplement, Net Wt. 1 fl oz (30ml)",,12/30/2022 18:25,,3,0,0
,,810078421894,RHL 1,OSHA 1 OZ,,RAY'S HEALTHY LIVING -,7/5 >*,,19.99,4004361,0,,3,0,7.5,IMMUNE SYSTEM SUPPORT,RESPIRATORY HERBS/BRONCHIAL SU,"Ray's Healthy Living, OSHA, Herbal Supplement, Net Wt. 1 fl oz (30ml)",,2/24/2021 18:06,5/30/2026 15:26,3,0,0
,,810078421955,RHL 1,PLEURISY 1 OZ,,RAY'S HEALTHY LIVING -,7/5 >*,,19.99,4004401,0,,3,0,8,IMMUNE SYSTEM SUPPORT,RESPIRATORY HERBS/BRONCHIAL SU,"Ray's Healthy Living, Pleurisy, Herbal Supplement, Net Wt. 1 fl oz (30ml)",,4/1/2021 16:17,8/23/2025 11:17,3,0,0
,,810078422129,RHL 1,UMCKALOABO CHERRY 4 OZ,,RAY'S HEALTHY LIVING -,7/5 >*,,23.99,4016454,0,,3,0,9,IMMUNE SYSTEM SUPPORT,RESPIRATORY HERBS/BRONCHIAL SU,"Ray's Healthy Living, Umckaloabo, Cherry Flavor, Alcohol Free, Herbal Supplement, Net Wt. 4 fl oz (118ml)",,6/9/2021 21:01,2/4/2026 12:21,3,0,0
,,810078422211,RHL 1,WILD CHERRY 1 OZ,,RAY'S HEALTHY LIVING -,7/5 >*,,17.99,4004591,0,,2,0,7,IMMUNE SYSTEM SUPPORT,RESPIRATORY HERBS/BRONCHIAL SU,"Ray's Healthy Living, Wild Cherry, Herbal Supplement, Net Wt. 1 fl oz (30ml)",,9/2/2019 0:22,11/20/2025 15:10,2,0,6.3
,,810078422525,RHL 1,BRONCHIAL RELIEF 1 OZ,,RAY'S HEALTHY LIVING -,7/5 >*,,13.99,4008271,0,,7,0,5.51,IMMUNE SYSTEM SUPPORT,RESPIRATORY HERBS/BRONCHIAL SU,"Ray's Healthy Living, Bronchial Relief, Herbal Supplement, Net Wt. 1 fl oz (30ml)",,9/1/2019 23:38,8/23/2025 16:38,7,0,6.65
,,810078422532,RHL 1,BRONCHIAL RELIEF 2 OZ,,RAY'S HEALTHY LIVING -,7/5 >*,,23.99,4008272,0,,3,0,10.16,IMMUNE SYSTEM SUPPORT,RESPIRATORY HERBS/BRONCHIAL SU,"Ray's Healthy Living, Bronchial Relief, Herbal Supplement, Net Wt. 2 fl oz (59ml)",,9/1/2019 23:06,11/7/2024 18:34,3,0,12.3
,,810078422549,RHL 1,BRONCHIAL SYRUP 4 OZ,,RAY'S HEALTHY LIVING -,7/5 >*,,14.99,4019684,0,,2,0,7.01,IMMUNE SYSTEM SUPPORT,RESPIRATORY HERBS/BRONCHIAL SU,"Ray's Healthy Living, Bronchial Syrup, Herbal Supplement, Net Wt. 4 fl oz (118ml)",,9/7/2019 22:02,7/15/2026 11:04,2,0,6.8
,,810078422761,RHL 1,GINGER ZING BRONCIAL SRUP 4 OZ,,RAY'S HEALTHY LIVING -,7/5 >*,,19.99,4010234,0,,5,0,7.5,IMMUNE SYSTEM SUPPORT,RESPIRATORY HERBS/BRONCHIAL SU,"Ray's Healthy Living, Ginger Zinger Bronchial Syrup, Herbal Supplement, Net Wt. 4 fl oz (118ml)",,6/18/2020 15:53,10/9/2024 11:39,5,0,0
,,810078423348,RHL 1,THROAT SPRAY AF 1 OZ,,RAY'S HEALTHY LIVING -,7/5 >*,,19.99,4008691,0,,3,0,7.2,IMMUNE SYSTEM SUPPORT,RESPIRATORY HERBS/BRONCHIAL SU,"Ray's Healthy Living, Throat Spray Relief, Alcohol Free, Herbal Supplement, Net Wt. 1 fl oz (30ml)",,9/1/2019 22:14,1/7/2026 15:44,3,0,6.8
,,810078422389,RHL 1,ALLER CALM 2 OZ,,RAY'S HEALTHY LIVING -,7/6 <,,24.06,4004702,0,,5,0,12.9,IMMUNE SYSTEM SUPPORT,SINUS SUPPORT -   ALLERGIES SU,"Ray's Healthy Living, Aller-Calm, Herbal Supplement, 2 fl oz (59ml)",,9/1/2019 23:37,3/5/2024 16:18,5,0,12.3
,,810078421801,RHL 1,MULLEIN 1 OZ,,RAY'S HEALTHY LIVING -,7/6 >*,,19.99,4004291,0,,1,0,7,IMMUNE SYSTEM SUPPORT,RESPIRATORY HERBS/BRONCHIAL SU,"Ray's Healthy Living, Mullein, Herbal Supplement, Net Wt. 1 fl oz (30ml)",,9/1/2019 23:01,5/28/2026 11:40,1,0,4.4557
,,810078422372,RHL 1,ALLER CALM 1 OZ,,RAY'S HEALTHY LIVING -,7/6 >*,,14.99,4004701,0,,3,0,5.51,IMMUNE SYSTEM SUPPORT,SINUS SUPPORT -   ALLERGIES SU,"Ray's Healthy Living, Aller-Calm, Herbal Supplement, Net Wt. 1 fl oz (30ml)",,9/7/2019 21:56,4/28/2023 11:45,3,0,6.6
,,810078422396,RHL 1,ALLER CALM AF 1 OZ,,RAY'S HEALTHY LIVING -,7/6 >*,,14.99,4006121,0,,4,0,5.85,IMMUNE SYSTEM SUPPORT,SINUS SUPPORT -   ALLERGIES SU,"Rays Healthy LIving, Aller Calm, Alcohol Free, Herbal Suplement, Net Wt. 1 fl oz (30ml)

788332061219",,9/23/2019 14:04,10/2/2025 14:20,4,0,0
,,810078423225,RHL 1,RESPIR EASE 1 OZ,,RAY'S HEALTHY LIVING -,7/6 >*,,19.99,4004871,0,,-1,0,7.2,IMMUNE SYSTEM SUPPORT,SINUS SUPPORT -   ALLERGIES SU,"Ray's Healthy Living, Respir-Ease, Herbal Supplement, Net Wt. 1 fl oz (30ml)",,9/1/2019 22:48,4/23/2026 13:19,-1,0,6.8
,,810078423232,RHL 1,RESPIR EASE 2 OZ,,RAY'S HEALTHY LIVING -,7/6 >*,,29.99,4004872,0,,0,0,13.3,IMMUNE SYSTEM SUPPORT,SINUS SUPPORT -   ALLERGIES SU,"Ray's Healthy Living, Respir-Ease, Herbal Supplement, Net Wt. 2 fl oz (59ml)",,9/1/2019 23:07,11/11/2025 13:09,0,0,12.4
,,810078423249,RHL 1,RESPIR EASE AF 1 OZ,,RAY'S HEALTHY LIVING -,7/6 >*,,19.99,4006301,0,,1,0,7.6,IMMUNE SYSTEM SUPPORT,SINUS SUPPORT -   ALLERGIES SU,"Rays Healthy LIving, Respir-Ease, Alcohol Free, Herbal Supplement, Net Wt. 1 fl oz (30ml)",,9/1/2019 22:10,5/8/2026 14:10,1,0,7.2
,,810078423263,RHL 1,SINUS BLASTER 1 OZ,,RAY'S HEALTHY LIVING -,7/6 >*,,24.99,4011881,0,,0,0,9,IMMUNE SYSTEM SUPPORT,SINUS SUPPORT -   ALLERGIES SU,"Ray's Healthy Living, Sinus Blaster,  Professional Strength, Herbal Supplement, Net Wt. 1 fl oz (30ml)",,9/7/2019 22:12,5/14/2026 14:09,0,0,6.8557
,,810078423270,RHL 1,SINUS BLASTER 2 OZ,,RAY'S HEALTHY LIVING -,7/6 >*,,39.99,4017410,0,,0,0,17,IMMUNE SYSTEM SUPPORT,SINUS SUPPORT -   ALLERGIES SU,"Ray's Healthy Living, Sinus Blaster, Professional Strength, Herbal Supplement, Net Wt. 2 fl oz (59ml)",,9/27/2021 17:49,8/3/2024 15:32,0,0,5.9557
,,810078428237,RHL 1,MULLEIN 90 V CAPS,,RAY'S HEALTHY LIVING -,7/6 >*,,23.99,4023280,0,,0,0,7.35,IMMUNE SYSTEM SUPPORT,RESPIRATORY HERBS/BRONCHIAL SU,"Ray's Healthy Living, Mullein, Herbal Supplement, 90 Vegetarian Capsule",,5/12/2025 12:24,,0,0,0
,,810078420965,RHL 1,TURM PLUS HEART 60 VCAP,,RAY'S HEALTHY LIVING -,9/2  >*,,29.99,4021660,0,,0,0,18,CARDIOVASCULAR SUPPORT,HEART SUPPORT,"Ray's Healthy Living, An Outstanding Quality, Turmeric Plus Heart Complete with CoQ10, 100% Vegetarian, Herbal Supplement, 60 Veggie Caps",,9/27/2021 17:54,5/20/2026 12:19,0,0,0
,,810078420057,RHL 1,COQ10 60 L-VCAP,,RAY'S HEALTHY LIVING -,9/2 >*,,27.99,4012130,0,,0,0,12.19,CARDIOVASCULAR SUPPORT,HEART SUPPORT,"Ray's Healthy Living, An Outstanding Quality, CoQ10 100mg, High Absorption, 100% Vegetarian, Dietary Supplement, 60 Liquid Veggie Caps",,9/1/2019 2:58,6/25/2026 10:38,0,0,15.5
,,810078420316,RHL 1,CAYENNE 90 VCAP,,RAY'S HEALTHY LIVING -,9/2 >*,,14.99,4019740,0,,2,0,5.1,CARDIOVASCULAR SUPPORT,HEART SUPPORT,"Ray's Healthy Living, Cayenne, 100% Vegetarian, Herbal Supplement, 90 Veggie Caps",,9/1/2019 3:14,6/4/2026 18:02,2,0,5.5
,,810078420484,RHL 1,GARLIC 90 V CAP,,RAY'S HEALTHY LIVING -,9/2 >*,,14.99,4015480,0,,3,0,6.4,CARDIOVASCULAR SUPPORT,CHOLESTEROL,"Ray's Healthy Living, Garlic, 100% Vegetarian, Herbal Supplement, 90 Veggie Caps",,9/1/2019 20:38,2/4/2026 15:14,3,0,6.1
,,810078421160,RHL 1,CAYANNE 1 OZ,,RAY'S HEALTHY LIVING -,9/2 >*,,13.99,4003901,0,,1,0,5.51,CARDIOVASCULAR SUPPORT,HEART SUPPORT,"Ray's Healthy Living, Cayenne, Herbal Supplement, Net Wt. 1 fl oz (30ml)",,9/23/2019 12:25,7/6/2026 16:18,1,0,0
,,810078421429,RHL 1,GARLIC 1 OZ,,RAY'S HEALTHY LIVING -,9/2 >*,,19.99,4004081,0,,1,0,7,CARDIOVASCULAR SUPPORT,CHOLESTEROL,"Ray's Healthy Living, Garlic, Herbal Supplement, Net Wt. 1 fl oz (30ml)",,9/1/2019 23:57,7/6/2026 16:18,1,0,6.3
,,810078420590,RHL 1,HAWTHORN 90 VCAP,,RAY'S HEALTHY LIVING -,9/3 >*,,14.99,4015540,0,,5,0,6.4,CARDIOVASCULAR SUPPORT,CIRCULARTORY SUPPORT,"Ray's Healthy Living, Hawthorn, 100% Vegetarian, Herbal Supplement, 90 Veggie Caps",,9/1/2019 20:47,2/27/2026 14:33,5,0,6.1
,,810078420767,RHL 1,NETTLE ORGANIC 75  VCAP,,RAY'S HEALTHY LIVING -,9/3 >*,,14.99,4015580,0,,2,0,6.6,VITAMINS A - Z,VITAMIN A-Z,"Ray's Healthy Living, Nettle, 100% Vegetarian, Organic, Herbal Supplement, 75 Veggie Caps",,9/1/2019 21:02,10/16/2025 19:03,2,0,6
,,810078420811,RHL 1,RED YEAST COQ10 90 VCAP,,RAY'S HEALTHY LIVING -,9/3 >*,,34.99,4017470,0,,5,0,14.7,CARDIOVASCULAR SUPPORT,CIRCULARTORY SUPPORT,"Ray's Healthy Living, Red Yeast Rice with CoQ10, 100% Vegetarian, Herbal Supplement, 90 Veggie Caps",,9/1/2019 21:14,12/12/2025 15:45,5,0,14.7
,,810078421535,RHL 1,HAWTHORN 1 OZ,,RAY'S HEALTHY LIVING -,9/3 >*,,19.99,4004171,0,,3,0,7,CARDIOVASCULAR SUPPORT,CIRCULARTORY SUPPORT,"Ray's Healthy Living, Hawthorn, Herbal Supplement, Net Wt. 1 fl oz (30ml)",,9/2/2019 0:13,6/27/2025 14:55,3,0,4.4557
,,810078421542,RHL 1,HAWTHORN 2 OZ,,RAY'S HEALTHY LIVING -,9/3 >*,,29.99,4004172,0,,4,0,12.9,CARDIOVASCULAR SUPPORT,CIRCULARTORY SUPPORT,"Ray's Healthy Living, Hawthorn, Herbal Supplement, Net Wt. 2 fl oz (59ml)",,9/1/2019 23:41,4/1/2026 15:21,4,0,12.3
,,810078421832,RHL 1,NETTLES ORGANIC 1 OZ,,RAY'S HEALTHY LIVING -,9/3 >*,,19.99,4004321,0,,5,0,7,VITAMINS A - Z,VITAMIN A-Z,"Ray's Healthy Living, Nettles, Herbal Supplement, Net Wt. 1 fl oz (30ml)",,9/2/2019 0:26,4/29/2024 12:15,5,0,6.6
,,810078420033,RHL 1,CINNAMON 60 L-VCAP,,RAY'S HEALTHY LIVING -,9/4 >*,,23.99,4012100,0,,3,0,11.1,BLOOD SUGAR SUPPORT,INSULIN SUPPORT,"Ray's Healthy Living, Cinnamon, Supports Healthy Blood Sugar, 100% Vegetarian, Herbal Supplement, 60 Liquid Veggie Caps",,9/1/2019 2:51,8/14/2025 14:55,6,-3,11.2557
,,810078420255,RHL 1,BITTER MELON 90  VCAP,,RAY'S HEALTHY LIVING -,9/4 >*,,16.99,4021620,0,,1,0,7.24,BLOOD SUGAR SUPPORT,INSULIN SUPPORT,"Ray's Healthy Living, Bitter Melon, Standardized, 5% Charantin, 100% Vegetarian, Herbal Supplement, 90 Veggie Caps",,9/21/2019 19:26,11/6/2025 12:34,1,0,0
,,810078420279,RHL 1,BLOODSUGAR HAR 90 VCAP,,RAY'S HEALTHY LIVING -,9/4 >*,,19.99,4017340,0,,3,0,6.75,BLOOD SUGAR SUPPORT,INSULIN SUPPORT,"Ray's Healthy Living, BloodSugar Harmony, 100% Vegetarian, Herbal Supplement, 90 Veggie Caps",,9/1/2019 3:10,2/6/2026 18:02,3,0,8.2
,,810078420354,RHL 1,CINNAMON 90 VCAP,,RAY'S HEALTHY LIVING -,9/4 >*,,13.99,4015430,0,,4,0,5.18,BLOOD SUGAR SUPPORT,INSULIN SUPPORT,"Ray's Healthy Living, Cinnamon, 100% Vegetarian, Herbal Supplement, 90 Veggie Caps",,9/1/2019 3:17,7/26/2025 16:21,4,0,6.3
,,810078420477,RHL 1,FENUGREEK 90 VCAP,,RAY'S HEALTHY LIVING -,9/4 >*,,14.99,4017370,0,,3,0,6.6,HERBAL SUPPLEMENTS A - Z,HERBAL SUPPLEMENT,"Ray's Healthy Living, Fenugreek, 100% Vegetarian, Organic, Herbal Supplement, 90 Veggie Caps",,9/1/2019 20:36,5/7/2025 13:07,3,0,0
,,810078422358,RHL 1,ADRENA AID 2 OZ,,RAY'S HEALTHY LIVING -,9/4 >*,,23.99,4005322,0,,5,0,10.16,BLOOD SUGAR SUPPORT,INSULIN SUPPORT,"Ray's Healthy Living, Adren, Aid, Herbal Supplement, Net Wt. 2 fl oz (59ml)",,4/1/2021 14:53,9/1/2023 12:09,5,0,0
,,810078421382,RHL 1,FENUGREEK 1 OZ,,RAY'S HEALTHY LIVING -,9/4>*,,14.99,4007431,0,,4,0,7,HERBAL SUPPLEMENTS A - Z,LIQUID HERBS,"Ray's Healthy Living, Fenugreek, Herbal Supplement, Net Wt. 1 fl oz (30 ml)",,9/2/2019 0:35,4/22/2026 16:04,4,0,6.6
,,810078420521,RHL 1,AMER GINSENG 60 VCAP,,RAY'S HEALTHY LIVING -,9/5 >*,,19.99,4015510,0,,3,0,9.11,CARDIOVASCULAR SUPPORT,GINSENG ENERGRY,"Ray's Healthy Living, American Ginseng, 100% Vegetarian, Herbal Supplement, 60 Veggie Caps",,9/1/2019 20:42,7/6/2026 12:06,3,0,11.1
,,810078421474,RHL 1,AMERICAN GINSENG 1 OZ,,RAY'S HEALTHY LIVING -,9/5 >*,,17.99,4004121,0,,10,0,7.5,CARDIOVASCULAR SUPPORT,GINSENG ENERGRY,"Ray's Healthy Living, American Ginseng, Herbal Supplement, Net Wt. 1 fl oz (30ml)",,9/1/2019 22:59,3/27/2025 15:44,10,0,10
,,810078421481,RHL 1,GINSENG RED CHINESE       1 OZ,,RAY'S HEALTHY LIVING -,9/5 >*,,23.99,4004131,0,,5,0,10,CARDIOVASCULAR SUPPORT,GINSENG ENERGRY,"Ray's Healthy Living, Red Chinese Ginseng, Herbal Supplement, Net Wt. 1 fl oz (30ml)",,9/1/2019 23:00,3/6/2026 12:28,5,0,8.5
,,810078422778,RHL 1,GIN ZING ENERGY 4 OZ,,RAY'S HEALTHY LIVING -,9/5 >*,,19.99,4010244,0,,1,0,7.5,CARDIOVASCULAR SUPPORT,GINSENG ENERGRY,"Ray's Healthy Living, Ginger Zinger Energy Syrup, Herbal Supplement, Net Wt. 4 fl oz (118ml)",,9/23/2019 18:41,4/15/2026 12:20,1,0,0
,,810078422808,RHL 1,GINSENG MASTER 1 OZ,,RAY'S HEALTHY LIVING -,9/5 >*,,19.99,4004771,0,,2,0,8,CARDIOVASCULAR SUPPORT,GINSENG ENERGRY,"Ray's Healthy Living, Ginseng Master, Herbal Supplement, Net Wt. 1 fl oz (30ml)",,2/24/2021 15:15,10/29/2025 14:53,2,0,0
,,810078422815,RHL 1,GINSENG MASTER 2 OZ,,RAY'S HEALTHY LIVING -,9/5 >*,,24.99,4004772,0,,2,0,14.5,CARDIOVASCULAR SUPPORT,GINSENG ENERGRY,"Ray's Healthy Living, Ginseng Master, Alcohol Free, Herbal Supplement, Net Wt. 2 fl oz (59ml)",,9/11/2020 13:50,3/3/2025 19:04,2,0,0
,,4000042,RHL 1,IRSH SEA MOSS JAR 8 OZ,,RAY'S HEALTHY LIVING -,FRIDGE,,14.99,,0,,-56,0,10,SUPERFOOD,SEA MOSS,,,12/30/2020 13:47,7/18/2026 11:47,-56,0,0
